Step,FR_hip_cmd,FR_hip_state,FR_knee_cmd,FR_knee_state,FR_foot_cmd,FR_foot_state,BR_hip_cmd,BR_hip_state,BR_knee_cmd,BR_knee_state,BR_foot_cmd,BR_foot_state,BL_hip_cmd,BL_hip_state,BL_knee_cmd,BL_knee_state,BL_foot_cmd,BL_foot_state,FL_hip_cmd,FL_hip_state,FL_knee_cmd,FL_knee_state,FL_foot_cmd,FL_foot_state
0,-24.55820344158342,2.8747633357459517,31.637137343341763,29.050606519241242,72.7335172791449,47.24976947456319,10.007979801441346,-3.9595261661307686,29.895677214181863,18.85346624222624,61.792656183251545,0.44403166454845905,-12.159595728526515,16.248865055530747,-30.38544591081618,-21.4584299186822,-64.09731896322957,-33.63074599262739,14.420773127510978,11.012432921440126,-30.782180240859578,-27.043743494068302,-66.20534992257402,19.736375418903513
1,-27.349875780069883,1.2820834300603996,31.71893315908164,32.742964319501176,73.89841657493318,50.22925648171021,18.434948822922006,-1.5640293101324536,52.129275126605485,22.906740717216657,82.245347928628,29.842038042469998,-10.007979801441346,14.413709476951086,-29.895677214181838,-21.189299914550368,-61.792656183251516,-38.73101354919341,16.792509120984707,9.59345232858872,-31.095640295429217,-32.982015635843894,-68.12058960225296,-21.366587659806154
2,-30.23080146970835,-1.051893873160749,31.768202504636474,37.730088613474884,74.8784037270811,42.96487087212712,28.30075576600637,0.4885358027630592,53.52162505473767,21.738534096677437,87.60991751917456,45.47517281627139,-10.007979801441346,12.65903981907403,-29.895677214181838,-21.80382486260465,-61.792656183251516,-41.23115221731203,19.274387356634314,9.188933191339297,-31.33579894564477,-37.99583464223974,-69.84580756625935,-58.66221008008468
3,-33.190117042971735,-3.8742268849913026,31.79424539913732,39.01875900115888,75.67401264797442,32.57298055478262,39.289406862500364,0.8042954527708204,31.808256212764075,27.310427260752697,76.71358979582982,63.7364021790052,-10.007979801441346,12.414955971425357,-29.895677214181838,-24.723327636164232,-61.792656183251516,-35.286395268069086,21.864302742664176,11.009912213649958,-31.512853632058512,-41.5164278809671,-71.38298164287927,-90.27580020675465
4,-36.21470128211538,-5.6441343603250935,31.80531995136064,45.307600710456974,76.2856427651633,49.89849962350977,39.289406862500364,2.854605571167219,31.808256212764075,35.729291209185234,76.71358979582982,78.58779574210449,-10.007979801441346,12.03654756768312,-29.895677214181838,-30.268075355603546,-61.792656183251516,-28.53751720179775,24.55820344158342,13.308547545997525,-31.637137343341738,-49.217790361594545,-72.73351727914493,-90.35198869615628
5,-39.289406862500364,-5.20666687779013,31.808256212764075,56.919351930111134,76.71358979582982,82.74373054415473,39.289406862500364,7.765637072924926,31.808256212764075,44.95998326576941,76.71358979582982,94.06712295912514,-18.434948822922006,10.896012039065258,-52.129275126605485,-35.92680120818222,-82.24534792862798,-21.440249564875014,27.349875780069883,16.57680392477851,-31.718933159081615,-50.88671361635933,-73.89841657493315,-64.2458437750007
6,-39.289406862500364,-7.927795969703697,31.808256212764075,49.859257737857035,76.71358979582982,74.21583651859244,39.289406862500364,12.151947862363084,31.808256212764075,39.52692177193607,76.71358979582982,70.31874954865356,-28.30075576600637,9.65732011112409,-53.52162505473767,-47.293234777396435,-87.60991751917459,-32.892199911491126,30.23080146970835,17.480963948021575,-31.76820250463645,-54.67057474166546,-74.87840372708108,-36.19251192037118
7,-39.289406862500364,-9.240815303389125,31.808256212764075,33.87947768218359,76.71358979582982,44.71496306285896,36.214701282115406,14.146439060957112,31.80531995136064,41.49946025688671,76.2856427651633,71.29886360782555,-39.289406862500364,7.140408395763868,-31.808256212764075,-49.34073051688934,-76.71358979582979,-24.650312321437607,33.190117042971735,19.5129821216593,-31.79424539913732,-56.95633558299403,-75.67401264797442,-41.588943643433545
8,-39.289406862500364,-10.633749728699954,31.808256212764075,35.119493697089204,76.71358979582982,39.92659201518889,33.190117042971735,15.928870866282178,31.79424539913732,39.023021823254744,75.67401264797442,64.5644225214385,-39.289406862500364,2.8715896013961193,-31.808256212764075,-45.524467601355575,-76.71358979582979,-32.93915054524911,36.21470128211538,20.842824158644767,-31.80531995136064,-48.691178705414266,-76.2856427651633,-30.858374830565296
9,-28.30075576600637,-13.377889609881995,53.52162505473762,36.180176882129615,87.60991751917456,22.70388480602879,30.230801469708375,14.837691915697839,31.768202504636474,43.556399313820556,74.8784037270811,56.484942818100215,-39.289406862500364,-3.3163361868023884,-31.808256212764075,-31.513144312647565,-76.71358979582979,-23.98492021753757,39.289406862500364,21.66200084593795,-31.808256212764075,-48.89282230720903,-76.71358979582979,-71.65483358709382
10,-18.434948822922006,-13.502376979883465,52.129275126605485,51.58084299747505,82.245347928628,76.28317599076003,27.349875780069883,16.37384806501355,31.71893315908164,51.750857962898934,73.89841657493318,66.28431648137332,-39.289406862500364,-6.298539715810703,-31.808256212764075,-19.396960856069317,-76.71358979582979,-12.932694756736447,39.289406862500364,23.828152385246824,-31.808256212764075,-40.416637069262464,-76.71358979582979,-62.96114602534551
11,-10.007979801441346,-14.089850126404269,29.895677214181863,49.431394916534195,61.792656183251545,60.61012047100947,24.558203441583448,17.994617023974122,31.637137343341763,60.140917382704515,72.7335172791449,80.63035659253293,-36.214701282115406,-8.794887147034302,-31.80531995136064,-25.562296352114565,-76.2856427651633,-41.317548733773826,39.289406862500364,25.14860533194036,-31.808256212764075,-31.076610363318462,-76.71358979582979,-29.470288614008346
12,-10.007979801441346,-12.660474263107952,29.895677214181863,49.59543478398271,61.792656183251545,35.691160666005665,21.864302742664176,18.968563434115,31.512853632058484,57.97128259505143,71.38298164287926,77.87533128040609,-33.190117042971735,-9.598854671171216,-31.79424539913732,-33.027503137672014,-75.67401264797442,-59.296989628362674,39.289406862500364,27.059385523741383,-31.808256212764075,-40.3034668410336,-76.71358979582979,-48.56374628221648
13,-10.007979801441346,-10.28352431770079,29.895677214181863,55.80079214729592,61.792656183251545,29.71315149214454,19.274387356634314,20.67709264877963,31.33579894564477,48.678734514255034,69.84580756625935,53.23258320136763,-30.230801469708375,-9.304382812857453,-31.768202504636474,-33.12538153499777,-74.8784037270811,-54.648468979352565,28.30075576600637,29.455793208477832,-53.52162505473764,-43.50468958056319,-87.60991751917459,-46.6342046287034
14,-10.007979801441346,-8.722071057173729,29.895677214181863,61.6050129983358,61.792656183251545,28.394656488482976,16.792509120984707,21.84424782095485,31.095640295429217,38.91348050454133,68.12058960225293,47.35952422956201,-27.349875780069883,-9.504905311722066,-31.718933159081615,-32.19589907000633,-73.89841657493315,-40.69497353057559,18.434948822922006,30.215404661605305,-52.12927512660551,-44.39050766459077,-82.245347928628,-35.9584560382131
15,-12.159595728526515,-8.026976737266825,30.385445910816152,65.10549587676773,64.09731896322953,27.459473034442983,14.420773127510978,21.814793468249025,30.782180240859578,35.77846102237154,66.20534992257404,46.28346998070682,-24.558203441583448,-11.046540144387171,-31.637137343341738,-33.483380234069806,-72.73351727914493,-32.94909836348281,10.007979801441346,29.50354130800422,-29.895677214181838,-44.98196536668337,-61.792656183251516,-22.747967969111354
16,-14.420773127510978,-6.220698819644162,30.782180240859578,55.25838421744122,66.20534992257404,19.96158273400088,12.159595728526515,23.38599147174026,30.385445910816152,37.58907738927685,64.09731896322957,51.37885162322052,-21.864302742664176,-14.867749962583783,-31.512853632058512,-37.49901831626818,-71.38298164287927,-42.09440360918286,10.007979801441346,27.08732906823685,-29.895677214181838,-53.966875444040795,-61.792656183251516,-35.37123857257196
17,-16.792509120984707,-6.4168342624536745,31.095640295429217,48.221498015029006,68.12058960225293,26.773991779896082,10.007979801441346,21.82747812474865,29.895677214181863,41.47304407267121,61.792656183251545,45.64309647010402,-19.274387356634314,-16.512585434298902,-31.33579894564477,-30.579245945982155,-69.84580756625935,-24.285619247249087,10.007979801441346,25.92770834883225,-29.895677214181838,-48.17033172408942,-61.792656183251516,-20.18907654854277
18,-19.274387356634314,-5.921217310975444,31.33579894564477,51.57026425205237,69.84580756625935,55.623013213514305,10.007979801441346,19.485525235215352,29.895677214181863,37.88601452001672,61.792656183251545,21.743015926712335,-16.792509120984707,-16.41409389385663,-31.095640295429217,-28.85895933661019,-68.12058960225296,-20.586333381861117,10.007979801441346,24.82071207836214,-29.895677214181838,-46.927307521513335,-61.792656183251516,-42.20820847951468
19,-21.864302742664176,-7.735595277759944,31.512853632058484,56.28804577825543,71.38298164287926,73.2533276455196,10.007979801441346,19.84074480631973,29.895677214181863,32.41100275701278,61.792656183251545,3.6573201888611675,-14.420773127510978,-16.661383287647165,-30.782180240859578,-22.281158453446185,-66.20534992257402,-17.663485286812723,12.159595728526515,23.317220777643627,-30.385445910816152,-45.35475894161271,-64.09731896322955,-52.62983186917218
20,-24.55820344158342,-11.549148260317876,31.637137343341763,60.76125223182603,72.7335172791449,90.13535977498726,10.007979801441346,19.70370158243603,29.895677214181863,30.416899956848084,61.792656183251545,31.20392126761887,-12.159595728526515,-17.622531800516015,-30.38544591081618,-14.516171511451354,-64.09731896322957,-14.707892365994288,14.420773127510978,21.091631783537085,-30.782180240859578,-56.81581045054984,-66.20534992257402,-87.66730760264679
21,-27.349875780069883,-12.751335838106044,31.71893315908164,58.492146619607226,73.89841657493318,89.48029620495123,18.434948822922006,19.86422253092138,52.129275126605485,29.956850680657244,82.245347928628,63.10273057724984,-10.007979801441346,-18.585006067336455,-29.895677214181838,-6.036718753552083,-61.792656183251516,-11.50046821841172,16.792509120984707,19.94710082575317,-31.095640295429217,-56.12978876492829,-68.12058960225296,-90.06775030869738
22,-30.23080146970835,-14.63462470252612,31.768202504636474,48.408921005683915,74.8784037270811,75.57167764879911,28.30075576600637,19.231136572545438,53.52162505473767,33.41492059594841,87.60991751917456,91.14484526087881,-10.007979801441346,-18.60102320897791,-29.895677214181838,-9.022852280159743,-61.792656183251516,-26.2440265951664,19.274387356634314,19.052023143076916,-31.33579894564477,-63.35798962535576,-69.84580756625935,-92.40298199091636
23,-33.190117042971735,-16.706797532362447,31.79424539913732,49.359950922795555,75.67401264797442,85.44095464686697,39.289406862500364,20.532996022141074,31.808256212764075,36.298340442213714,76.71358979582982,90.99111727825712,-10.007979801441346,-18.54717166106929,-29.895677214181838,-5.233634414604725,-61.792656183251516,-23.498331161947743,21.864302742664176,18.09911647256262,-31.512853632058512,-64.34206783580314,-71.38298164287927,-82.97913377213918
24,-36.21470128211538,-18.1144332698576,31.80531995136064,51.745788271275416,76.2856427651633,89.41014518939706,39.289406862500364,22.46022542686312,31.808256212764075,35.9909636197775,76.71358979582982,74.46266424110371,-10.007979801441346,-18.588476727622893,-29.895677214181838,-3.8248964006053443,-61.792656183251516,-21.44983766239959,24.55820344158342,17.53378691232334,-31.637137343341738,-58.080313210108194,-72.73351727914493,-61.15266669545334
25,-39.289406862500364,-20.71684555841795,31.808256212764075,52.585622412474066,76.71358979582982,81.82281792179536,39.289406862500364,23.049782301479976,31.808256212764075,34.36878571812903,76.71358979582982,65.13696236802342,-18.434948822922006,-18.241987555307226,-52.129275126605485,-2.838738439371054,-82.24534792862798,-29.9907984318202,27.349875780069883,17.54768243685165,-31.718933159081615,-48.40846824897297,-73.89841657493315,-28.299815024205056
26,-39.289406862500364,-23.684840169908988,31.808256212764075,51.846190995983775,76.71358979582982,34.96541321651868,39.289406862500364,24.085056176670967,31.808256212764075,27.449006383850673,76.71358979582982,51.43911460152731,-28.30075576600637,-17.79177829082544,-53.52162505473767,-10.1800184630683,-87.60991751917459,-45.64902409844526,30.23080146970835,19.081190839324638,-31.76820250463645,-48.17071540292767,-74.87840372708108,-51.66234443369457
27,-39.289406862500364,-25.757907683214878,31.808256212764075,52.5157435839232,76.71358979582982,42.44437626614481,36.214701282115406,24.65446676057434,31.80531995136064,24.408094029316803,76.2856427651633,30.47049508265848,-39.289406862500364,-18.571622753246317,-31.808256212764075,-26.32215020341674,-76.71358979582979,-93.12252631828136,33.190117042971735,18.390288711240537,-31.79424539913732,-65.36471821037401,-75.67401264797442,-89.18037887411737
28,-39.289406862500364,-29.17754513465481,31.808256212764075,52.19684989926359,76.71358979582982,39.60648149638333,33.190117042971735,24.80231242835793,31.79424539913732,21.209781673660824,75.67401264797442,12.724141540867922,-39.289406862500364,-20.01235234144244,-31.808256212764075,-20.997788544332955,-76.71358979582979,-42.174286119881536,36.21470128211538,18.914914906122842,-31.80531995136064,-64.73614420438766,-76.2856427651633,-82.05697304334663
29,-28.30075576600637,-28.796647669783056,53.52162505473762,51.575196196488584,87.60991751917456,26.306023952911982,30.230801469708375,26.06728986400532,31.768202504636474,22.97619402776974,74.8784037270811,29.4065766379124,-39.289406862500364,-21.362305707891014,-31.808256212764075,-27.18759020169206,-76.71358979582979,-46.65915491282264,39.289406862500364,21.85650291378766,-31.808256212764075,-63.26056500788221,-76.71358979582979,-70.30624540893628
30,-18.434948822922006,-29.30652104684823,52.129275126605485,61.41914191057128,82.245347928628,61.0062410222652,27.349875780069883,26.149449268732237,31.71893315908164,25.351784802499715,73.89841657493318,23.833362293391243,-39.289406862500364,-24.71729291771037,-31.808256212764075,-27.26024588314305,-76.71358979582979,-33.83415119420228,39.289406862500364,23.349426111277214,-31.808256212764075,-63.6935444033023,-76.71358979582979,-62.16676821255284
31,-10.007979801441346,-31.116501797694976,29.895677214181863,73.06498429132795,61.792656183251545,89.44316976252382,24.558203441583448,24.80628640771996,31.637137343341763,30.630327556073702,72.7335172791449,28.69613076662228,-36.214701282115406,-26.008077155212508,-31.80531995136064,-31.956721851096187,-76.2856427651633,-43.40033453938604,39.289406862500364,26.113097180130396,-31.808256212764075,-57.99885430286939,-76.71358979582979,-40.42433394737092
32,-10.007979801441346,-29.99549661884864,29.895677214181863,69.75033722309362,61.792656183251545,89.03767067033566,21.864302742664176,24.720992780994646,31.512853632058484,28.352215312853623,71.38298164287926,24.67276305142248,-33.190117042971735,-26.33445842747321,-31.79424539913732,-34.20443857366668,-75.67401264797442,-45.61027478788173,39.289406862500364,28.411219602305252,-31.808256212764075,-50.52030531244441,-76.71358979582979,-29.918947646013535
33,-10.007979801441346,-30.03600607040788,29.895677214181863,59.560910653218,61.792656183251545,92.16654336909761,19.274387356634314,22.88877780200239,31.33579894564477,32.36647468969555,69.84580756625935,30.632455090700855,-30.230801469708375,-29.292534404142568,-31.768202504636474,-29.518843086165166,-74.8784037270811,-23.234842025895166,28.30075576600637,27.925664715230802,-53.52162505473764,-49.33956240596254,-87.60991751917459,-25.054801824873667
34,-10.007979801441346,-28.87334219282429,29.895677214181863,56.139503543487756,61.792656183251545,92.8137938539038,16.792509120984707,21.776034628894188,31.095640295429217,35.28543770028098,68.12058960225293,26.878899228330948,-27.349875780069883,-30.295944071875102,-31.718933159081615,-28.377885844697122,-73.89841657493315,-45.63105629173268,18.434948822922006,27.252300723957095,-52.12927512660551,-57.783082025513856,-82.245347928628,-65.61549499952986
35,-12.159595728526515,-27.614598907333963,30.385445910816152,54.20460851561079,64.09731896322953,72.83632757282689,14.420773127510978,20.359369595321436,30.782180240859578,39.059729925291116,66.20534992257404,26.024421964583226,-24.558203441583448,-30.132606613973426,-31.637137343341738,-26.62605095662514,-72.73351727914493,-47.17577637508262,10.007979801441346,26.96603755362675,-29.895677214181838,-61.32038891003032,-61.792656183251516,-89.3990542178672
36,-14.420773127510978,-26.087471752719694,30.782180240859578,46.16495579554131,66.20534992257404,88.72357650227177,12.159595728526515,19.593312904606492,30.385445910816152,35.21931510866111,64.09731896322957,36.869977047403616,-21.864302742664176,-31.73327235396457,-31.512853632058512,-37.217452358573425,-71.38298164287927,-37.59655607144069,10.007979801441346,25.162295835890614,-29.895677214181838,-58.116071391599725,-61.792656183251516,-69.49272547506118
37,-16.792509120984707,-25.507037062680826,31.095640295429217,36.651607915430475,68.12058960225293,81.48521475621857,10.007979801441346,17.994714829196827,29.895677214181863,34.05899049561365,61.792656183251545,48.3622846179933,-19.274387356634314,-31.113176201005253,-31.33579894564477,-45.46714474587611,-69.84580756625935,-19.412437520249448,10.007979801441346,23.628685577053027,-29.895677214181838,-54.518114653382696,-61.792656183251516,-41.078378812890485
38,-19.274387356634314,-24.390770727965965,31.33579894564477,43.578002840445755,69.84580756625935,90.92773858243869,10.007979801441346,17.063698951077466,29.895677214181863,40.130294642508204,61.792656183251545,52.52976799127559,-16.792509120984707,-30.915803507543462,-31.095640295429217,-38.41359110710031,-68.12058960225296,-10.650346178060866,10.007979801441346,22.032597305352766,-29.895677214181838,-52.077499228844594,-61.792656183251516,-18.04870788338339
39,-21.864302742664176,-22.636218390604373,31.512853632058484,46.44649980386362,71.38298164287926,81.08156772407382,10.007979801441346,17.15344231306686,29.895677214181863,43.97366803582251,61.792656183251545,38.490555282715825,-14.420773127510978,-31.68529386686457,-30.782180240859578,-36.15344386515267,-66.20534992257402,-28.838094595792917,12.159595728526515,21.234087467875096,-30.385445910816152,-60.920772893204635,-64.09731896322955,-55.122397578890066
40,-24.55820344158342,-23.196669614872345,31.637137343341763,42.924761265214464,72.7335172791449,63.7112690618904,10.007979801441346,15.985793559112647,29.895677214181863,50.66329093901394,61.792656183251545,28.950277324041927,-12.159595728526515,-31.81640090012564,-30.38544591081618,-29.752173619766985,-64.09731896322957,-33.1380818859725,14.420773127510978,18.07967028320138,-30.782180240859578,-67.25984557266871,-66.20534992257402,-83.36703042514006
41,-27.349875780069883,-24.828990931681993,31.71893315908164,51.97404868216498,73.89841657493318,86.10600211301772,18.434948822922006,16.845798347457684,52.129275126605485,50.907527159027744,82.245347928628,16.081400424537815,-10.007979801441346,-31.308945985790114,-29.895677214181838,-28.876448377274155,-61.792656183251516,-36.833884990677376,16.792509120984707,19.28537040159541,-31.095640295429217,-60.092128799716384,-68.12058960225296,-43.41930393724111
42,-30.23080146970835,-26.70817064502078,31.768202504636474,52.93695938975734,74.8784037270811,83.53861815212049,28.30075576600637,18.735433563848922,53.52162505473767,41.85479764509383,87.60991751917456,12.41978780063004,-10.007979801441346,-29.929748615303804,-29.895677214181838,-24.679658524524395,-61.792656183251516,-26.529916791043505,19.274387356634314,20.79560899735908,-31.33579894564477,-63.06568651706506,-69.84580756625935,-50.52450378500084
43,-33.190117042971735,-27.65421458868788,31.79424539913732,57.24425588684279,75.67401264797442,72.62288791985786,39.289406862500364,19.569312845148577,31.808256212764075,36.378641553288546,76.71358979582982,20.613496899974113,-10.007979801441346,-28.74420086319932,-29.895677214181838,-20.052840372813183,-61.792656183251516,-25.250879319191757,21.864302742664176,23.148521868800184,-31.512853632058512,-62.57267632438641,-71.38298164287927,-64.17528822925506
44,-36.21470128211538,-28.274237576319425,31.80531995136064,63.28863997939519,76.2856427651633,67.51431869020706,39.289406862500364,20.10360822226059,31.808256212764075,28.550425838700342,76.71358979582982,21.500363256251376,-10.007979801441346,-28.21831911683644,-29.895677214181838,-12.445031260597966,-61.792656183251516,-19.122499793725808,24.55820344158342,24.68989969115432,-31.637137343341738,-60.92192857159713,-72.73351727914493,-78.97584237292175
45,-39.289406862500364,-30.234539740938143,31.808256212764075,48.24570660331831,76.71358979582982,46.752162445803755,39.289406862500364,19.67099327245141,31.808256212764075,29.746258748403715,76.71358979582982,87.74558205288487,-18.434948822922006,-26.31479227044207,-52.129275126605485,-22.960862249328038,-82.24534792862798,-16.53034792774604,27.349875780069883,23.542252763696883,-31.718933159081615,-59.892163978011716,-73.89841657493315,-89.2121364827384
46,-39.289406862500364,-30.67323044138393,31.808256212764075,39.60646400782807,76.71358979582982,26.477144244634626,39.289406862500364,19.67144894926201,31.808256212764075,28.20697612712837,76.71358979582982,73.48493580594209,-28.30075576600637,-25.18654930286129,-53.52162505473767,-25.35837468083012,-87.60991751917459,-40.44195307505056,30.23080146970835,24.20750544774721,-31.76820250463645,-58.35383602037303,-74.87840372708108,-90.46990966471152
47,-39.289406862500364,-30.626028434363974,31.808256212764075,37.65837767980306,76.71358979582982,40.954601051174464,36.214701282115406,20.14037080096414,31.80531995136064,29.499289217285156,76.2856427651633,57.91465765836431,-39.289406862500364,-24.77909683473899,-31.808256212764075,-26.076995031969478,-76.71358979582979,-50.80866705081151,33.190117042971735,24.427579266461784,-31.79424539913732,-52.18771702521094,-75.67401264797442,-78.612217022039
48,-39.289406862500364,-28.762156318032744,31.808256212764075,44.891087258630876,76.71358979582982,18.438094227728975,33.190117042971735,19.907640968077157,31.79424539913732,28.622653044804384,75.67401264797442,33.11057679454643,-39.289406862500364,-26.143822984958444,-31.808256212764075,-23.523109583995407,-76.71358979582979,-44.14991991247449,36.21470128211538,23.421828745177358,-31.80531995136064,-41.90825429263451,-76.2856427651633,-65.09258932432864
49,-28.30075576600637,-26.638067334013115,53.52162505473762,48.071853535019606,87.60991751917456,20.57501656650033,30.230801469708375,20.907873163411008,31.768202504636474,28.09247408436078,74.8784037270811,31.89799789883782,-39.289406862500364,-26.601053966032868,-31.808256212764075,-20.735294685037744,-76.71358979582979,-53.097340557525726,39.289406862500364,24.298180877430845,-31.808256212764075,-40.9314660932093,-76.71358979582979,-67.03519685768626
50,-18.434948822922006,-24.17141655670636,52.129275126605485,44.760324083834185,82.245347928628,16.133896918771455,27.349875780069883,18.799940312949282,31.71893315908164,22.921632045035423,73.89841657493318,22.027621888878194,-39.289406862500364,-28.645894518370163,-31.808256212764075,-18.819060428561542,-76.71358979582979,-51.76147535857115,39.289406862500364,24.096312333723457,-31.808256212764075,-48.2852438196655,-76.71358979582979,-80.36071059109315
51,-10.007979801441346,-21.02103466051125,29.895677214181863,41.447429330383734,61.792656183251545,32.91503072636866,24.558203441583448,17.703293469712428,31.637137343341763,30.484069334250243,72.7335172791449,46.29052268024885,-36.214701282115406,-29.418928355214923,-31.80531995136064,-17.69066981172457,-76.2856427651633,-39.63434417313448,39.289406862500364,24.694813027403786,-31.808256212764075,-47.3761481983255,-76.71358979582979,-53.70387287395581
52,-10.007979801441346,-18.841461880154636,29.895677214181863,42.78125074474384,61.792656183251545,40.28636374523997,21.864302742664176,17.790553314563155,31.512853632058484,32.23671389649264,71.38298164287926,61.86626069279094,-33.190117042971735,-28.56887900295393,-31.79424539913732,-18.634070100824292,-75.67401264797442,-42.61620252453803,39.289406862500364,26.880019907493402,-31.808256212764075,-47.12777263632658,-76.71358979582979,-41.47815094604814
53,-10.007979801441346,-17.501386260699206,29.895677214181863,43.943594862970606,61.792656183251545,33.10992117698272,19.274387356634314,16.784852911578124,31.33579894564477,34.07798381531047,69.84580756625935,71.15791584035944,-30.230801469708375,-27.44417276964388,-31.768202504636474,-18.640194199361055,-74.8784037270811,-38.52223605209292,28.30075576600637,29.01094166678578,-53.52162505473764,-45.69493284673645,-87.60991751917459,-49.023824335118036
54,-10.007979801441346,-17.5559834218403,29.895677214181863,43.27247191259805,61.792656183251545,15.609996326820806,16.792509120984707,17.88231379941849,31.095640295429217,42.70121830498024,68.12058960225293,90.61116592514678,-27.349875780069883,-27.042105732288455,-31.718933159081615,-17.056159859535803,-73.89841657493315,-21.612347324862093,18.434948822922006,29.68514983186378,-52.12927512660551,-49.21861084503071,-82.245347928628,-67.27575974663125
55,-12.159595728526515,-16.104355651805818,30.385445910816152,49.72555759868043,64.09731896322953,42.75257147695818,14.420773127510978,16.84340499436409,30.782180240859578,40.44445633324831,66.20534992257404,86.06528811366105,-24.558203441583448,-26.404450158396305,-31.637137343341738,-21.821179982937114,-72.73351727914493,-51.24563349977062,10.007979801441346,29.50997053402109,-29.895677214181838,-49.95992022121586,-61.792656183251516,-74.32471937219624
56,-14.420773127510978,-14.119371089898435,30.782180240859578,52.376784719242266,66.20534992257404,57.030069476886474,12.159595728526515,15.77862552851786,30.385445910816152,38.581576395206945,64.09731896322957,84.79161139251312,-21.864302742664176,-25.74998766483289,-31.512853632058512,-22.968406593352878,-71.38298164287927,-67.7952478835937,10.007979801441346,28.546478195245918,-29.895677214181838,-49.89332829957065,-61.792656183251516,-81.2402162793833
57,-16.792509120984707,-14.797032230103264,31.095640295429217,52.997331138163595,68.12058960225293,60.16033488690053,10.007979801441346,15.552563121802173,29.895677214181863,33.53222505159851,61.792656183251545,90.9480207609338,-19.274387356634314,-24.29061454539491,-31.33579894564477,-30.547833109751938,-69.84580756625935,-87.060841956455,10.007979801441346,27.645931283891553,-29.895677214181838,-51.65222239496267,-61.792656183251516,-89.52355182615094
58,-19.274387356634314,-14.93847713318454,31.33579894564477,58.96737119818656,69.84580756625935,60.27854871305698,10.007979801441346,14.805312177248538,29.895677214181863,36.50120103535038,61.792656183251545,76.51679786672639,-16.792509120984707,-24.48144920108601,-31.095640295429217,-35.70095400774329,-68.12058960225296,-87.15223576606721,10.007979801441346,27.39781530194929,-29.895677214181838,-42.894984692068334,-61.792656183251516,-76.8295006911917
59,-21.864302742664176,-14.99190681597203,31.512853632058484,50.632667929505395,71.38298164287926,26.228833350443868,10.007979801441346,15.078549951523208,29.895677214181863,45.293531395594684,61.792656183251545,84.822048975683,-14.420773127510978,-22.07556434490571,-30.782180240859578,-40.66790116181887,-66.20534992257402,-80.23573920766346,12.159595728526515,25.641645052585314,-30.385445910816152,-45.268742557868755,-64.09731896322955,-69.15785416847966
60,-24.55820344158342,-15.38894828945725,31.637137343341763,45.65214957744888,72.7335172791449,48.543857908998014,10.007979801441346,15.881471376832103,29.895677214181863,50.3326568808473,61.792656183251545,91.43636204783542,-12.159595728526515,-20.210295666349715,-30.38544591081618,-42.55228924757399,-64.09731896322957,-67.4676665276444,14.420773127510978,23.339302450246265,-30.782180240859578,-47.48981124600686,-66.20534992257402,-55.02184656574466
61,-27.349875780069883,-17.88226850168627,31.71893315908164,38.10217115739464,73.89841657493318,53.493410531810895,18.434948822922006,18.03861012149869,52.129275126605485,44.829827709255206,82.245347928628,79.3673440652324,-10.007979801441346,-16.8241556279789,-29.895677214181838,-47.46079775827879,-61.792656183251516,-55.345496749024186,16.792509120984707,24.40965609498616,-31.095640295429217,-47.842876850016665,-68.12058960225296,-29.120186774212236
62,-30.23080146970835,-20.013338493781802,31.768202504636474,32.96923779159241,74.8784037270811,34.82211855436265,28.30075576600637,21.149283407836165,53.52162505473767,44.78729079512082,87.60991751917456,78.01583392974216,-10.007979801441346,-13.225405038398833,-29.895677214181838,-46.890974579998975,-61.792656183251516,-28.474432183484293,19.274387356634314,25.94118337352112,-31.33579894564477,-33.30682111745267,-69.84580756625935,-11.709624786407488
63,-33.190117042971735,-21.32649385972603,31.79424539913732,34.94612429078325,75.67401264797442,24.230840098604173,39.289406862500364,23.81059958015766,31.808256212764075,45.46868128200704,76.71358979582982,88.60749506117064,-10.007979801441346,-14.275950010961276,-29.895677214181838,-53.907792613069496,-61.792656183251516,-38.04629141140428,21.864302742664176,25.95354311903816,-31.512853632058512,-35.47589100393337,-71.38298164287927,-45.34212963154807
64,-36.21470128211538,-22.260306676578796,31.80531995136064,38.838543241400686,76.2856427651633,15.114016447827199,39.289406862500364,25.92885242490735,31.808256212764075,47.49401547345087,76.71358979582982,89.34659321434393,-10.007979801441346,-15.116681700805099,-29.895677214181838,-55.96507221120501,-61.792656183251516,-45.07932262379394,24.55820344158342,26.86481862609003,-31.637137343341738,-32.486426584427164,-72.73351727914493,-49.30492100659433
65,-39.289406862500364,-24.54358612850479,31.808256212764075,34.983864954992804,76.71358979582982,34.87902319627495,39.289406862500364,27.581700675105633,31.808256212764075,52.62781714606506,76.71358979582982,87.43383559007708,-18.434948822922006,-16.654765748870588,-52.129275126605485,-53.22809866219765,-82.24534792862798,-33.59517257312742,27.349875780069883,27.47696744101524,-31.718933159081615,-38.80107271974265,-73.89841657493315,-53.378833782302614
66,-39.289406862500364,-25.676944212982328,31.808256212764075,36.83077288908321,76.71358979582982,76.13092404462152,39.289406862500364,28.27545533360894,31.808256212764075,55.47379927530413,76.71358979582982,84.31214488344206,-28.30075576600637,-18.232570973592313,-53.52162505473767,-67.1515430985162,-87.60991751917459,-80.48872546324313,30.23080146970835,27.329789282051276,-31.76820250463645,-43.83702612054358,-74.87840372708108,-28.893295081506597
67,-39.289406862500364,-26.286217220158598,31.808256212764075,32.02783629016642,76.71358979582982,71.55186592638469,36.214701282115406,30.193809296722815,31.80531995136064,48.136643005106386,76.2856427651633,72.356727138321,-39.289406862500364,-17.82014654155467,-31.808256212764075,-63.633214383315355,-76.71358979582979,-70.61021108241565,33.190117042971735,27.560386128077383,-31.79424539913732,-57.170145180948,-75.67401264797442,-49.73266365886284
68,-39.289406862500364,-26.8745054742001,31.808256212764075,38.43832278863347,76.71358979582982,65.58105431948783,33.190117042971735,31.9736007801146,31.79424539913732,56.8235148734705,75.67401264797442,89.0541638502247,-39.289406862500364,-18.218663394055913,-31.808256212764075,-57.62895250783683,-76.71358979582979,-75.8295571394203,36.21470128211538,26.693008812741972,-31.80531995136064,-47.34740888996259,-76.2856427651633,-42.239719136597316
69,-28.30075576600637,-28.944152437584535,53.52162505473762,51.716400010581786,87.60991751917456,78.45153580285525,30.230801469708375,31.94759902777946,31.768202504636474,58.39380404197193,74.8784037270811,81.46762834009103,-39.289406862500364,-22.000017303131006,-31.808256212764075,-51.67821411982757,-76.71358979582979,-55.12278102688897,39.289406862500364,26.79065805910228,-31.808256212764075,-38.33152693407036,-76.71358979582979,-37.73289198991421
70,-18.434948822922006,-28.924585329777315,52.129275126605485,64.54961291562458,82.245347928628,92.7966786921804,27.349875780069883,32.07883446332084,31.71893315908164,57.68966599924318,73.89841657493318,65.57069517918605,-39.289406862500364,-24.375773179322838,-31.808256212764075,-52.547695941635,-76.71358979582979,-73.41564947546053,39.289406862500364,27.882350798735196,-31.808256212764075,-29.42382532703381,-76.71358979582979,-37.16698782226253
71,-10.007979801441346,-27.006311260010342,29.895677214181863,64.23452051521457,61.792656183251545,75.08938874133855,24.558203441583448,32.714016697178174,31.637137343341763,58.71158784245221,72.7335172791449,50.665224277199265,-36.214701282115406,-25.82063022501778,-31.80531995136064,-52.43533933813073,-76.2856427651633,-90.50984227622828,39.289406862500364,29.188250015868523,-31.808256212764075,-25.513922042186397,-76.71358979582979,-47.09151369486509
72,-10.007979801441346,-25.736320143776542,29.895677214181863,48.570250824315906,61.792656183251545,42.57930506752308,21.864302742664176,32.70874736974859,31.512853632058484,54.39967158384823,71.38298164287926,56.00008680696224,-33.190117042971735,-27.08318327830588,-31.79424539913732,-55.11111757430917,-75.67401264797442,-90.21749006778191,39.289406862500364,29.767568547232454,-31.808256212764075,-28.846155260888043,-76.71358979582979,-48.950820038386695
73,-10.007979801441346,-24.747204549997196,29.895677214181863,34.92155079054149,61.792656183251545,14.961172838055852,19.274387356634314,33.61548932748427,31.33579894564477,41.09142462747,69.84580756625935,50.514506474631474,-30.230801469708375,-29.964013095192332,-31.768202504636474,-55.55999764007305,-74.8784037270811,-74.59774483009176,28.30075576600637,30.648795132339536,-53.52162505473764,-31.834282639889608,-87.60991751917459,-38.716224567908135
74,-10.007979801441346,-22.7062124340786,29.895677214181863,32.77308963346298,61.792656183251545,38.84117509910727,16.792509120984707,32.76069885770985,31.095640295429217,31.27179815642983,68.12058960225293,44.82397440426967,-27.349875780069883,-30.271287945549822,-31.718933159081615,-58.08514235047251,-73.89841657493315,-64.03300761398849,18.434948822922006,31.190437162804997,-52.12927512660551,-42.10039777000115,-82.245347928628,-49.706160565548
75,-12.159595728526515,-20.919431693986315,30.385445910816152,26.72544708262036,64.09731896322953,42.86951189572496,14.420773127510978,31.860288798245186,30.782180240859578,19.834251290513762,66.20534992257404,28.025718913767033,-24.558203441583448,-30.457750237038514,-31.637137343341738,-57.887993022245844,-72.73351727914493,-46.47697701461952,10.007979801441346,32.24784525201852,-29.895677214181838,-48.94272034080103,-61.792656183251516,-53.022391518638265
76,-14.420773127510978,-20.277760528847697,30.782180240859578,29.859594250676636,66.20534992257404,60.79815613737129,12.159595728526515,30.262926992595812,30.385445910816152,16.160094206494406,64.09731896322957,14.519990924710138,-21.864302742664176,-31.801783353501882,-31.512853632058512,-59.24967262701536,-71.38298164287927,-47.498855728335776,10.007979801441346,31.387833051437593,-29.895677214181838,-53.086625759368836,-61.792656183251516,-34.79125442766585
77,-16.792509120984707,-19.475991117648977,31.095640295429217,44.159055111865065,68.12058960225293,85.30450528565021,10.007979801441346,28.949315954334885,29.895677214181863,21.515707360324168,61.792656183251545,24.458523489449117,-19.274387356634314,-32.68592771848685,-31.33579894564477,-64.0180733750104,-69.84580756625935,-74.9368471493046,10.007979801441346,30.474418040043858,-29.895677214181838,-56.68314046260548,-61.792656183251516,-8.062125791654084
78,-19.274387356634314,-17.788284400670825,31.33579894564477,54.10703585905119,69.84580756625935,79.04001026591429,10.007979801441346,27.801428288488857,29.895677214181863,31.035491519228493,61.792656183251545,44.797393393336215,-16.792509120984707,-32.093713128885476,-31.095640295429217,-60.72308534928602,-68.12058960225296,-76.97054032504776,10.007979801441346,28.276316951983436,-29.895677214181838,-56.022997656059765,-61.792656183251516,-5.414851253890202
79,-21.864302742664176,-16.091266272904665,31.512853632058484,62.81919560517758,71.38298164287926,76.08328471228187,10.007979801441346,26.479699675054576,29.895677214181863,38.617092205454895,61.792656183251545,39.555238043870595,-14.420773127510978,-32.31867622312883,-30.782180240859578,-48.72621307077017,-66.20534992257402,-57.20203464320137,12.159595728526515,27.418318496558726,-30.385445910816152,-55.68222078464102,-64.09731896322955,-18.106714104204336
