Step,FR_hip_torque,FR_knee_torque,FR_foot_torque,BR_hip_torque,BR_knee_torque,BR_foot_torque,BL_hip_torque,BL_knee_torque,BL_foot_torque,FL_hip_torque,FL_knee_torque,FL_foot_torque
0,3.0,-3.0,-3.0,3.0,3.0,3.0,3.0,-3.0,-3.0,3.0,3.0,3.0
1,3.0,3.0,3.0,3.0,-3.0,-3.0,3.0,-3.0,-3.0,3.0,-3.0,-3.0
2,3.0,3.0,3.0,3.0,-3.0,-3.0,3.0,3.0,3.0,3.0,-3.0,-3.0
3,3.0,-3.0,-3.0,3.0,3.0,3.0,3.0,3.0,3.0,3.0,-3.0,-3.0
4,3.0,3.0,3.0,3.0,3.0,3.0,3.0,3.0,3.0,3.0,3.0,3.0
5,3.0,3.0,3.0,3.0,-3.0,-3.0,3.0,3.0,3.0,3.0,-3.0,-3.0
6,3.0,3.0,3.0,3.0,-3.0,-3.0,3.0,3.0,3.0,3.0,-3.0,-3.0
7,-3.0,-3.0,-3.0,1.552760560312418,-3.0,-3.0,-3.0,3.0,3.0,-3.0,3.0,3.0
8,3.0,-3.0,-3.0,3.0,-3.0,-3.0,3.0,-3.0,-3.0,3.0,3.0,-3.0
9,3.0,-3.0,-3.0,3.0,3.0,3.0,3.0,-3.0,-3.0,3.0,-3.0,-3.0
10,3.0,-3.0,-3.0,3.0,3.0,3.0,3.0,-3.0,-3.0,3.0,3.0,2.947866363850494
11,3.0,3.0,3.0,3.0,3.0,3.0,3.0,3.0,3.0,3.0,3.0,3.0
12,-3.0,-3.0,-3.0,-3.0,3.0,3.0,-3.0,3.0,3.0,-3.0,-3.0,-3.0
13,-3.0,-3.0,-3.0,-3.0,3.0,3.0,-3.0,3.0,3.0,-3.0,-3.0,-3.0
14,-3.0,3.0,3.0,-3.0,3.0,3.0,-3.0,3.0,3.0,-3.0,-3.0,-3.0
15,-3.0,3.0,3.0,-3.0,3.0,3.0,-3.0,-3.0,-3.0,-3.0,3.0,3.0
16,3.0,3.0,3.0,3.0,3.0,3.0,-0.2614505565501961,-3.0,-3.0,3.0,3.0,3.0
17,3.0,3.0,3.0,3.0,3.0,3.0,3.0,-3.0,-3.0,3.0,3.0,-3.0
18,-0.7512330577318629,3.0,3.0,0.05172095762068096,3.0,3.0,-3.0,-3.0,-3.0,3.0,-3.0,-3.0
19,-3.0,3.0,3.0,-3.0,-3.0,-3.0,-3.0,-3.0,-3.0,-3.0,-3.0,-3.0
20,-3.0,3.0,3.0,-3.0,-3.0,-3.0,-2.5720105593664586,3.0,3.0,-3.0,-3.0,-3.0
21,3.0,3.0,3.0,3.0,-3.0,-3.0,3.0,3.0,3.0,3.0,3.0,3.0
22,-3.0,-3.0,-3.0,-3.0,3.0,3.0,-3.0,3.0,3.0,-3.0,-3.0,-3.0
23,3.0,-3.0,-3.0,3.0,3.0,3.0,3.0,3.0,3.0,3.0,-3.0,-3.0
24,-3.0,3.0,3.0,-3.0,-3.0,-3.0,-3.0,3.0,3.0,-3.0,-3.0,-3.0
25,-3.0,-3.0,-3.0,3.0,-3.0,-3.0,-3.0,3.0,3.0,1.6458672480788694,-3.0,-3.0
26,-3.0,-3.0,-3.0,-3.0,-3.0,-3.0,-3.0,-3.0,-3.0,-3.0,3.0,3.0
27,-3.0,-3.0,-3.0,-3.0,-3.0,-3.0,-3.0,-3.0,-3.0,-3.0,-3.0,-3.0
28,1.1042178834466512,-3.0,-3.0,-2.0560687847607877,-3.0,-3.0,-3.0,3.0,3.0,-3.0,-3.0,-3.0
29,-3.0,-3.0,-3.0,-3.0,-3.0,-3.0,-3.0,3.0,3.0,-3.0,-3.0,-3.0
30,-3.0,-3.0,-3.0,-3.0,-3.0,-3.0,-3.0,3.0,-2.922339523771811,-3.0,-3.0,-3.0
31,-3.0,-3.0,-3.0,-3.0,3.0,3.0,-3.0,-3.0,-3.0,-3.0,-3.0,-3.0
32,3.0,3.0,3.0,3.0,3.0,3.0,3.0,-3.0,-3.0,3.0,-3.0,-3.0
33,3.0,3.0,3.0,3.0,-3.0,-3.0,3.0,-3.0,-3.0,3.0,-3.0,-3.0
34,-3.0,3.0,3.0,-3.0,-3.0,-3.0,-3.0,3.0,3.0,-3.0,-3.0,-3.0
35,3.0,3.0,3.0,-3.0,3.0,3.0,-2.997655964139991,3.0,3.0,3.0,3.0,3.0
36,3.0,3.0,3.0,-3.0,3.0,3.0,3.0,3.0,3.0,3.0,-3.0,-3.0
37,3.0,3.0,3.0,3.0,-3.0,-3.0,3.0,3.0,2.891301180807268,3.0,-3.0,-3.0
38,3.0,3.0,3.0,3.0,-3.0,-3.0,3.0,3.0,3.0,3.0,3.0,3.0
39,3.0,3.0,3.0,3.0,-3.0,-3.0,3.0,-3.0,-3.0,3.0,-3.0,-3.0
40,-3.0,-3.0,-3.0,-3.0,-3.0,-3.0,-3.0,-3.0,-3.0,3.0,3.0,3.0
41,3.0,-3.0,-3.0,3.0,-3.0,-3.0,3.0,3.0,3.0,3.0,3.0,3.0
42,3.0,3.0,3.0,3.0,-3.0,-3.0,3.0,3.0,3.0,3.0,-3.0,-3.0
43,3.0,3.0,3.0,3.0,-3.0,-3.0,3.0,3.0,3.0,3.0,-3.0,-3.0
44,3.0,3.0,3.0,3.0,3.0,3.0,3.0,3.0,3.0,3.0,-3.0,-3.0
45,3.0,3.0,3.0,3.0,3.0,3.0,3.0,3.0,3.0,1.1784743144199172,-3.0,-3.0
46,3.0,-3.0,-3.0,3.0,-3.0,-3.0,3.0,3.0,3.0,3.0,3.0,-3.0
47,-3.0,-3.0,-3.0,-3.0,-3.0,-3.0,1.228491497683402,3.0,3.0,3.0,-3.0,-3.0
48,-3.0,-3.0,-3.0,-3.0,-3.0,-3.0,-3.0,3.0,3.0,-3.0,-3.0,-3.0
49,3.0,-3.0,-3.0,3.0,3.0,3.0,3.0,3.0,3.0,3.0,3.0,3.0
50,3.0,-3.0,-3.0,3.0,3.0,3.0,3.0,3.0,3.0,3.0,3.0,3.0
51,3.0,3.0,3.0,3.0,3.0,3.0,3.0,-3.0,-3.0,3.0,3.0,3.0
52,3.0,3.0,3.0,3.0,3.0,3.0,3.0,-3.0,-3.0,3.0,-3.0,-3.0
53,3.0,3.0,3.0,3.0,3.0,3.0,2.8948886542953165,3.0,3.0,-3.0,3.0,3.0
54,3.0,-3.0,-3.0,2.6318994927162667,3.0,3.0,-3.0,3.0,3.0,-3.0,-3.0,-3.0
55,-3.0,3.0,3.0,-3.0,-3.0,-3.0,-3.0,3.0,3.0,-3.0,-3.0,-3.0
56,-3.0,3.0,3.0,-3.0,-3.0,-3.0,-3.0,3.0,3.0,-3.0,-3.0,-3.0
57,-3.0,3.0,3.0,-3.0,-3.0,-3.0,-3.0,3.0,3.0,-3.0,-3.0,-3.0
58,3.0,3.0,3.0,-1.3219926113915106,3.0,3.0,-0.7954488525880432,3.0,3.0,1.236701210012753,3.0,-3.0
59,-3.0,3.0,3.0,-3.0,3.0,3.0,-3.0,3.0,3.0,-3.0,-3.0,-3.0
60,-3.0,3.0,3.0,-3.0,-3.0,-3.0,-3.0,3.0,3.0,-3.0,-3.0,-3.0
61,-3.0,3.0,3.0,-3.0,3.0,3.0,-3.0,3.0,3.0,-3.0,3.0,-3.0
62,-3.0,3.0,3.0,-3.0,3.0,3.0,-3.0,3.0,3.0,-3.0,3.0,-1.7747091204223082
63,-3.0,3.0,3.0,-3.0,3.0,3.0,-3.0,-3.0,-3.0,-3.0,-3.0,-3.0
64,-3.0,-3.0,3.0,-3.0,3.0,3.0,-3.0,-3.0,-3.0,-3.0,3.0,3.0
65,-3.0,3.0,3.0,-3.0,3.0,3.0,-3.0,3.0,3.0,-3.0,3.0,3.0
66,-3.0,-3.0,-3.0,3.0,-3.0,-3.0,-3.0,-3.0,-3.0,-3.0,3.0,3.0
67,3.0,-3.0,-3.0,3.0,-3.0,-3.0,3.0,-3.0,-3.0,3.0,-3.0,-3.0
68,3.0,-3.0,3.0,0.5849127481601197,-3.0,3.0,-2.3267925326933057,-3.0,-3.0,3.0,-3.0,-3.0
69,-3.0,3.0,3.0,-3.0,-3.0,-3.0,3.0,3.0,3.0,3.0,3.0,3.0
70,-3.0,1.0398750199253364,3.0,-3.0,-3.0,-3.0,3.0,3.0,3.0,3.0,3.0,3.0
71,-3.0,3.0,3.0,-3.0,-3.0,-3.0,-3.0,3.0,3.0,-3.0,3.0,3.0
72,-3.0,3.0,3.0,-3.0,3.0,3.0,-3.0,3.0,3.0,-3.0,3.0,3.0
73,-3.0,3.0,3.0,-3.0,-3.0,-3.0,-3.0,3.0,3.0,-3.0,3.0,3.0
74,-3.0,-3.0,-3.0,-3.0,-3.0,-3.0,-3.0,3.0,3.0,-3.0,3.0,3.0
75,-3.0,-3.0,-3.0,-3.0,-3.0,-3.0,-3.0,3.0,3.0,-3.0,3.0,3.0
76,-3.0,-3.0,-3.0,-3.0,-3.0,-3.0,-3.0,-3.0,-3.0,-3.0,-3.0,-3.0
77,-3.0,3.0,3.0,-3.0,-3.0,-3.0,-3.0,-3.0,-3.0,-3.0,3.0,3.0
78,-3.0,3.0,3.0,-3.0,-3.0,-3.0,3.0,-3.0,-3.0,-3.0,-3.0,-3.0
79,3.0,3.0,3.0,-3.0,-3.0,-3.0,1.7034579444526194,3.0,3.0,3.0,3.0,3.0
