Time_Step,Time_s,FR_hip_torque,FR_knee_torque,FR_foot_torque,BR_hip_torque,BR_knee_torque,BR_foot_torque,BL_hip_torque,BL_knee_torque,BL_foot_torque,FL_hip_torque,FL_knee_torque,FL_foot_torque
0,0.0,0.3272415896571104,0.7753383439340193,0.9647820106934268,0.21884771388076568,0.8417330245852543,1.044457503188256,0.27803306973815983,0.7776402107829223,1.0034590687768676,0.23204525770186554,0.8185589366676757,1.0102568319906318
1,0.02,0.32729857029169973,0.7755148625388332,0.964612557887785,0.2189629996083921,0.841798429167713,1.0444667864920947,0.2772954627027977,0.7776337996890847,1.0034701410008309,0.23152536329787107,0.8187404344882011,1.0100792722996341
2,0.04,0.3281670959568892,0.7756805048695324,0.9664537022439554,0.2151820273525065,0.8418645956883803,1.044470067613503,0.2786311476040647,0.7778631966394843,1.0034733053669738,0.22911852629112472,0.8190920562389076,1.0121706483407025
3,0.06,0.3331026137117127,0.7759335761350786,0.9659210493677334,0.21067927833899347,0.8421083758185972,1.0444759818943348,0.28323469638879706,0.7780943258744066,1.0034805187687603,0.23916642655628917,0.8193735726740626,1.0122602481430385
4,0.08,0.3302426158548211,0.7761538812808289,0.9663818262767895,0.20911684942262765,0.8422599318324355,1.044483067319187,0.2820133483544303,0.7782649909237699,1.0034885319600628,0.23695221885947002,0.8196545886455023,1.0127682382921794
5,0.1,0.3289524959760941,0.7763616754264329,0.9664747377240928,0.20917571934580434,0.8423663963917916,1.0444902521099968,0.2836054404376128,0.7784011896960183,1.0034964698419904,0.23780374064477963,0.8199338673720532,1.0133565676633167
6,0.12,0.3284531264125151,0.7765978133353733,0.9664171639863554,0.2092328427718698,0.8424121030745024,1.0444974769833177,0.28510214824053265,0.7784459434507857,1.003504467231706,0.2393078548505324,0.8202093481600744,1.0138195792636853
7,0.14,0.3288678551189963,0.7766219113035371,0.9664929097775479,0.20927071867395133,0.8421613999559503,1.0445076838325797,0.28458865608747724,0.7783605218262799,1.0035108510574728,0.2393617153936891,0.8204399206671135,1.0145430968654645
8,0.16,0.32977627127485787,0.7766901247784288,0.9665039444149138,0.20929609656886933,0.8420690102226551,1.0445139714456593,0.282947510072409,0.778368204393681,1.003512775724255,0.23943886873884304,0.8206528658122133,1.0146765075102846
9,0.18,0.3293105290170185,0.7767904840522372,0.9665135486377819,0.20932334433559802,0.8420721927603241,1.0445198398119881,0.28312682030800407,0.7784430037860054,1.0035156347968937,0.23951555686223497,0.8208690981193244,1.015048410892287
10,0.2,0.3285208337688016,0.7769842856378952,0.9665153352106415,0.2093884970787467,0.8421633635004722,1.0445222743704237,0.28072278049283783,0.7785901492084942,1.003524929011921,0.23895547668709466,0.821161831317364,1.0153823897559875
11,0.22,0.3291150027659133,0.7772381214750813,0.9665248347657012,0.2094337882982871,0.8423673595390286,1.0445294401199632,0.2781269326819187,0.7787342628147242,1.003529450838141,0.2396217056526576,0.8213983349832582,1.014462953904116
12,0.24,0.5528340976529968,0.8616294293295599,0.9733070153548496,0.12920448669452672,0.5699142211609032,0.5821581047439007,0.4196480001290747,0.82989450066267,0.9827457438128081,0.20673896820711746,0.6778589290899446,0.6558879940892246
13,0.26,0.40345672300019814,0.7856418630240324,0.9747147502828469,0.1265316666696399,0.5038336018968413,0.5251239169072476,0.4837704526056295,0.7731641225878081,0.9870269609008312,0.18808694440397705,0.5197992083992329,0.5350845337376029
14,0.28,0.3515633537564224,0.6948417990340743,0.9707894093469382,0.25382740951690747,0.5978743885466246,0.6562391878603849,0.46285591216464445,0.8050562100079782,1.0017316321048708,0.19437060029964448,0.5657386289291398,0.8565785959013484
15,0.3,0.36684042154804586,0.7156445548618893,0.958506925404899,0.2598422180460699,0.6222399548201973,0.698536455490207,0.4745830757561611,0.7303592003004007,1.001295090066761,0.17879356103477437,0.7781985410137563,0.7592890503763511
16,0.32,0.4188913692431912,0.701001119912118,0.9585018423120424,0.31345881823804767,0.5265252379065932,0.8851439875964285,0.4551588812785796,0.6591095629769677,0.999806512555198,0.17808287116465643,0.792009995332199,0.8065472415867326
17,0.34,0.7296153792865584,0.7839914468249813,0.9598542758887126,0.6380180291507315,0.4999638595901377,0.8946446215113869,0.4035095432443973,0.7029783224506027,0.9839352748958303,0.27703640239032856,0.753808584288359,0.9234525613551281
18,0.36,0.7537867573688225,0.7980613549652098,0.9744739689023698,0.6853679743417472,0.5674507269566653,0.900631272490811,0.4172181643410608,0.7905051785530025,0.9785175322348174,0.3092146130116555,0.7451780095441743,0.9124337510001755
19,0.38,0.767238881577018,0.7925730486445823,0.9770059973693659,0.6553190119603571,0.5869317063592416,0.8995237284498604,0.3841361110743053,0.8141121422637515,0.9772499461144339,0.3513100194995836,0.7514348177090153,0.915224218886756
20,0.4,0.7743001979338274,0.7820114446616739,0.977035669978905,0.6435127595098991,0.5795286126783853,0.8890949173322042,0.36948886062410563,0.8086953894311962,0.9779098097590855,0.37116963953254123,0.7542328083307902,0.9320986729228664
21,0.42,0.7741653430853593,0.7790206887383632,0.9755519362798085,0.6486386525201971,0.5706755154989069,0.8887113030592261,0.366760274282297,0.7997831059599192,0.9795178583221065,0.3684661049922367,0.7532340414552468,0.938022545278289
22,0.44,0.8954941524364489,0.7898222465342719,0.9305935623033782,0.9247414800563036,0.7510526659197095,0.9496278599414488,0.46161179047165396,0.7024514880475988,0.9742173769215186,0.2984211049756876,0.9883383490782494,0.9317030703495052
23,0.46,0.4409250133688582,0.7287718142030521,0.7315237785614983,0.9109884035289614,0.7430875565008056,0.9672232849223695,0.5165374848352715,0.722436025198013,0.9599090867435416,0.27387888085331163,0.9401394460168642,0.9571815407697681
24,0.48,0.36749626232469007,0.7255222565001422,0.7101558629756202,0.7124034787185495,0.5261072225157615,0.9727516205402016,0.3615868097985761,0.6906205162966993,0.7275967964397096,0.3512721698730562,0.7175208255785192,0.9744108666068961
25,0.5,0.4427182786205164,0.737818925402348,0.854521819431612,0.5569424443965049,0.5582701395644887,0.9329027286130889,0.29480586456654845,0.6853633913960923,0.6781437010925423,0.4547473356899052,0.6031637850097974,0.9842922743562865
26,0.52,0.41762269496009474,0.6558012049752218,0.8139290548368432,0.4328885430088533,0.4733174813766406,0.5729117168181963,0.25413338614271697,0.7077137212165012,0.6321687233219324,0.4432743475068667,0.6995983274971239,0.9859286886289071
27,0.54,0.6508161472511385,0.7148094729499114,0.8569732636152689,0.5641081138372793,0.6093029479788845,0.8165373138180577,0.32301130812548634,0.7206439714364249,0.7206636315606432,0.5897552903694931,0.6559420903162857,0.9755750579785897
28,0.56,0.5609620865084453,0.7672940449724883,0.8481339113962888,0.6952801892595528,0.6529810921044599,0.7560692025393795,0.3782698564271557,0.7804898340312614,0.8309668749924257,0.4879346435621979,0.7860033326264899,0.962235288282688
29,0.58,0.5377088058238233,0.7896589135676756,0.8377924803098268,0.742647575045955,0.6536624296915015,0.754830730748748,0.4407767104275094,0.7907263137918499,0.9010902744430579,0.39813124056312943,0.8312167853612527,0.9627231032110267
30,0.6,0.5253535165920346,0.7796509534701486,0.8275806789365423,0.7481124745774657,0.6519362482658811,0.7793925033640665,0.4493529532911619,0.7800405182687601,0.9036685797997616,0.397332967814116,0.820639773787473,0.9626512508251494
31,0.62,0.5474725702843332,0.7781676523465628,0.8579408798164624,0.7205143758556962,0.6503603590279184,0.7801672304034696,0.4229573588973753,0.7706258720511793,0.8726350503573285,0.4308922944317711,0.801103007079031,0.9635745870291522
32,0.64,0.5372554957488226,0.3748096906182743,0.6544975307330713,0.8174297146632714,0.7275675858199577,0.5116916994287135,0.29942870568154295,0.14434166072920654,0.22944329498609398,0.4736348067941881,0.9455369469979553,0.9638560325705178
33,0.66,0.4959323335984781,0.34234524467597194,0.540098441952619,0.7871131307121939,0.8227696273409391,0.605646393676058,0.09719931079240735,0.28973161706587724,0.3662133053809547,0.1626199862557836,0.9493754114127609,0.9632854183376565
34,0.68,0.5099057040285945,0.4605455782235008,0.5227382824893279,0.7556974811695913,0.8465118714042047,0.7907903506415098,0.10427133992143228,0.35579440803508133,0.05002881993095938,0.023773462529561338,0.9197649228490634,0.9535918414042699
35,0.7,0.44044315264458805,0.4879028180369716,0.6475592781634845,0.7526537776046056,0.8736186931571693,0.9056929803388796,0.3449942640923553,0.2722402611728182,0.6700833573572635,0.0625390308220457,0.9782819895356707,0.943812381493244
36,0.72,0.4536848217407098,0.5211570217795081,0.7718653509397242,0.6866487888206522,0.9195492451950695,0.903407141480677,0.2631420058278689,0.2915010068525194,0.5424782276984871,0.1988745611855934,0.9765767973892185,0.9407346712705722
37,0.74,0.5727595398315855,0.47150863796329606,0.8302750747533749,0.5755958822872428,0.9226439184498731,0.8026938879572462,0.48287015908521974,0.32932030771717324,0.6658851147466317,0.6064820948829196,0.9782463215827994,0.9334734553122023
38,0.76,0.5841900689888111,0.48500202157453653,0.8472074606843262,0.5606857324134186,0.9162704675688953,0.7940544309897309,0.6365154649468917,0.32981109146269494,0.7306415687869944,0.6120981247708189,0.9792196260566204,0.9344050633011399
39,0.78,0.6185530163744071,0.48828239667014084,0.8242865863558521,0.5399773705642876,0.9084532126275289,0.7685102290528757,0.6235012630304532,0.3484080467167631,0.7391517710702458,0.6081325209795552,0.9777740928859759,0.9373686326797495
40,0.8,0.628323972656364,0.4730202691347092,0.8046926211449722,0.5400878818605578,0.90514786235481,0.751950016873303,0.6238994956249655,0.34663429707941296,0.766823722816518,0.5858248537019256,0.9759348341095735,0.9492176895087544
41,0.82,0.632370873775834,0.4659710367658711,0.7976081005960989,0.5469004921945564,0.8987932624500913,0.7474305298947699,0.6260831053216422,0.3436784259644593,0.7765640097451475,0.5785902571332436,0.9654937877807535,0.9497083960312823
42,0.84,0.5725811794347856,0.6305848126987204,0.7590767571494901,0.6635415721979789,0.622641227404039,0.6383448209067772,0.9600626952837894,0.5003971128910852,0.6581866322557178,1.0237364263208182,0.8284618727916938,0.9556504781134557
43,0.86,0.5714444461167707,0.7467182712092257,0.6474215324970648,0.6734404105211711,0.46499928202791285,0.7347070367612248,0.9655779628802135,0.7009656738742931,0.9125074894422348,1.0068807744166237,0.616504933289122,0.959056812574808
44,0.88,0.5615236374167801,0.7229888054721042,0.6497619849886385,0.5722070624189548,0.43516689515130774,0.7180733813142195,0.9809851872882698,0.6888292707773431,0.9071755042537453,0.9142700204051433,0.6367283424364275,0.9413829588307647
45,0.9,0.5278611813194488,0.7567181942375141,0.6969028598778289,0.6001614117779155,0.5242744380064359,0.708988498564312,0.9698793230915814,0.7333582065165143,0.9006313288977431,0.7853476197894327,0.7261970605715571,0.9257525901837341
46,0.92,0.5631454423780753,0.7643949930265433,0.7734531335486384,0.5610241881655271,0.5667160631977007,0.6859831121865052,0.9644506152467279,0.7561665661659676,0.8596652682354735,0.807620434444908,0.7421185030013315,0.9223086135689418
47,0.94,0.4805277340939915,0.7535313853270106,0.8419263625401961,0.3826830011024876,0.6038462890479401,0.6304920745629182,0.9642397171221134,0.7207997913155922,0.874556790296015,0.7483743762195479,0.8040224624326656,0.8995140161818796
48,0.96,0.47974653524791583,0.7200163812010091,0.8545589983340001,0.3764871213299899,0.6067673137848913,0.6048824136393488,0.958774074250855,0.7053786672768767,0.8636595130493911,0.824535943365683,0.7925515573495812,0.9028186315944216
49,0.98,0.5231324670458269,0.7165955966131526,0.8535313383860401,0.3294852682453405,0.5989327025078238,0.6089861625885953,0.9606849461932893,0.7174079718802483,0.8356472755572366,0.9338745578720831,0.7723596642854553,0.90959798524895
50,1.0,0.5244599350751489,0.7339149490496464,0.8411326043859,0.3318837363111098,0.5982288170724989,0.6228393877653428,0.9736625096897775,0.7288018329904035,0.842781433815509,0.8944239159031407,0.780615758255001,0.9202693237988825
51,1.02,0.5086306525618226,0.7390083636720426,0.8394275421609014,0.3523166916027872,0.5950286615585233,0.6254530986444679,0.9754757400842576,0.7305095737840206,0.8645276966965743,0.8634624682575693,0.7841873608665552,0.9206669586164794
52,1.04,0.020876479493049438,0.05091215569166995,0.0009610802691889631,0.12597487532837653,0.8544748820894795,0.6578324144137909,0.6038345297165626,0.3048930131579876,0.23788858366350982,0.8830734476789823,0.8318065321151381,0.8807373944619034
53,1.06,0.01341860297129688,0.21342024721637792,0.24706602894292712,0.1316372629334015,0.9447726830964486,0.7539480065747923,0.42350621795834087,0.24697866122271675,0.4564378436649439,0.7937987095217484,0.8764454768805322,0.6603717197469398
54,1.08,0.10946145128815084,0.19517815494838558,0.4075329427353755,0.07744619298141572,0.9230317128696072,0.8388150635724712,0.47343115713346207,0.27004216324381736,0.42340765580873124,0.6582290706180616,0.8801493895591594,0.6948994797454063
55,1.1,0.1434680048995011,0.20732774729738465,0.2709000352826141,0.015549706775720885,0.8787876621176844,0.8272268880444905,0.45093869640656153,0.2950478914804011,0.4786023651313356,0.5137158907160204,0.9006774598658202,0.764773791838149
56,1.12,0.16329681022178993,0.18597463049768675,0.22140361201454972,0.023641762084632888,0.8488198122704984,0.7909616909266985,0.46014089914161854,0.2989397683770283,0.5376478188860571,0.4818380739582466,0.9138308182150319,0.8026220705247098
57,1.14,0.20652624576444442,0.09510996246593234,0.12742652719369232,0.22195961123586672,0.8169781966349371,0.799736515326976,0.3790353210617105,0.353061836697198,0.46960573982582154,0.6500237481199337,0.8144299356798892,0.8950982148325003
58,1.16,0.2823923385408992,0.1371887874228275,0.1516173451190568,0.13694821752181377,0.8411559312004241,0.8083843163108193,0.3925977008178815,0.32880949045512337,0.5004363915270632,0.6479801454311832,0.8622558993319422,0.8125924412711307
59,1.18,0.3231487751005892,0.15729085842538018,0.13752889128137624,0.1333948636242451,0.8441604194273008,0.8219001025327266,0.41130697208880734,0.33132538286526747,0.4940166750956489,0.6337062096779554,0.8662247744587499,0.8019204661929913
60,1.2,0.329688484051845,0.1516474828363112,0.13211018184847173,0.17089976736825646,0.843115687143492,0.818764781050363,0.386716126377852,0.3372071036667049,0.47310319655751154,0.6570428754708862,0.8529212012873283,0.8234022615136415
61,1.22,0.30459483352271133,0.14571474109874644,0.1418562033578843,0.1953624421182386,0.8453540916077964,0.8053501292614296,0.3719371126308956,0.33475652894137725,0.4612032910982403,0.6717126792032568,0.8516727452793398,0.8303012493832188
62,1.24,0.4184095722040474,0.26022356036439864,0.13502378885124372,0.34375210234602105,0.6225938420986469,0.9035829931718005,0.2034212843052721,0.5855524682326629,0.2732064467800926,0.884922919830638,0.5225974516404597,0.8915260857801707
63,1.26,0.4376700214296456,0.446957772771075,0.015025531864084124,0.11419006279274238,0.4535864948107997,0.7066615041060449,0.19002134063596277,0.6247817126205756,0.2746011705759376,0.6689649668542131,0.4667973474774492,0.8143111133142544
64,1.28,0.4385379725362247,0.34756706447873653,0.17639371615881003,0.07558255152025352,0.35742186666814046,0.5706712201270064,0.21868090987224323,0.4942956934468959,0.26828934804783006,0.48655790489444306,0.4069023328351631,0.7125605686343218
65,1.3,0.41317541473895175,0.3962722125526886,0.18453486768327476,0.15450160764180004,0.32652614589715184,0.49613838620431117,0.23161886723924155,0.45505086807281236,0.1745282506596567,0.5387502406157598,0.4375543937617071,0.7052211748827301
66,1.32,0.3954966966885838,0.44647837907386106,0.1898760316681191,0.1989009294165724,0.34994131225305014,0.51730224646096,0.25436907279461946,0.44989601570655147,0.12335910591759773,0.5620428551070573,0.4601036202270241,0.6788877009795574
67,1.34,0.48833180158642403,0.42243175535771704,0.1417949577784367,0.3010648836680716,0.3267652801709299,0.4614607364464862,0.13913669049317226,0.4394154945342508,0.09546459032879975,0.44079342874199057,0.4437279258473256,0.652865396813876
68,1.36,0.5317426030326775,0.44121492433099607,0.11697143491842905,0.24826223119759513,0.33512390612905746,0.49278716935531264,0.16545524577720291,0.45644426330504034,0.13503320074771127,0.4106393797072119,0.4563834121675784,0.6416066445109814
69,1.38,0.5104060181636861,0.4433191334287166,0.11349825686265459,0.22700608716786227,0.333804886982439,0.4648429190021214,0.15671400015371398,0.461072344105417,0.15949943349910814,0.41038669308156095,0.46758821048644184,0.6493179900726208
70,1.4,0.49591893276442167,0.4401073071571567,0.10579298206635167,0.23007851694059342,0.33089361677404,0.4538867945376823,0.13598473830785313,0.46503646997259945,0.16463003382517427,0.4168720893201633,0.4735500786967707,0.6672153382738887
71,1.42,0.4901853170567154,0.43028611252765814,0.11980849204785406,0.2530810248349735,0.3325552594100158,0.4371980634800939,0.1364957647002961,0.45188001529689004,0.1469935350539116,0.4289023471971247,0.4729292024260074,0.6670434370617266
72,1.44,0.2552357252582401,0.48028921848112893,0.1337240504274091,0.23166621079559285,0.0058538991913246515,0.037617983617887533,0.23858324585173235,0.5505271835743553,0.16004858117105455,0.013817138423604174,0.07819359213636358,0.003406866428733032
73,1.46,0.09320851041761968,0.5364356062584593,0.0013397823643830934,0.023869720814009825,0.09742855098650867,0.005677579505582019,0.05667558962987011,0.5511139871326934,0.10846370466378857,0.032059784820121125,0.024301736837812477,0.0002867413351321188
74,1.48,0.02490982040341136,0.47968522310989425,0.005678932293995382,0.04197581432773481,0.08935801874779242,0.007157114131297942,0.087892347327954,0.4966423756343535,0.06542083040522911,0.058674777083523144,0.05684553934362623,0.015647864571784156
75,1.5,0.061054465251633105,0.4635735065346386,0.036294684412301194,0.056431390221254936,0.07396197945832175,0.009563518917995392,0.1365456550242522,0.43121499709235894,0.049147704713114596,0.06129329401004617,0.06286042709404728,0.007345757127519122
76,1.52,0.03811830214321133,0.4517276693994454,0.08497793600793499,0.04462310294909884,0.07687633918427313,0.007193604942945935,0.11949246853132972,0.4176300132519219,0.029911512731638775,0.0379366055113109,0.05782939419252765,0.007450834623906262
77,1.54,0.02560009529951631,0.5224952459464336,0.2136852884792014,0.04933832921159848,0.06279043214338371,0.004059356970007901,0.14739656651027835,0.42818590579671884,0.037402799735736195,0.03734818190338785,0.09187772914130239,0.005666396315369911
78,1.56,0.015885167041427242,0.548736434158088,0.12671254037076676,0.02310745274757704,0.09710615550446863,0.005831231035237461,0.030162452298511812,0.45616709668279676,0.050235940460107605,0.07444019985284546,0.08150368141192828,0.002313153920847162
79,1.58,0.0713631065760129,0.5142431665045726,0.07887629544272215,0.01321658711264223,0.10629236054772849,0.010798549614667747,0.12443855422532735,0.451410885921499,0.0025272133141806758,0.06002822909174465,0.07003456657719591,0.003512373238691766
80,1.6,0.1077764661841247,0.4855607825395594,0.05544047122260911,0.004112130706246287,0.10446230826902102,0.010161453026647404,0.1386093263833447,0.4641983275118284,0.045565544974565525,0.045232573044420056,0.06375521092361923,0.0033588800973426095
81,1.62,0.11020096610695909,0.46659934175276074,0.046500211200311586,0.018798825950167363,0.09540656321007752,0.008251943584986628,0.09574741084586644,0.47076082267228236,0.07792886927195328,0.0229536382517672,0.06241385132037312,0.003954749272182562
82,1.64,0.05961533533551055,0.4809737501185357,0.17566500578395922,0.007719837391612612,0.06378193254959219,0.003794353787358257,0.13575816228870174,0.4273639405477793,0.04609359212129988,0.005640249858637296,0.07001232673497894,0.0029146250371735716
83,1.66,0.021904703125185873,0.26372719759135876,0.2646124952329461,0.06224281462591165,0.2831067656338398,0.16058637749007557,0.06644402692711267,0.17745245705356244,0.16259211407794463,0.13641953877841675,0.26867745891328426,0.2114752617481476
84,1.68,0.03407193501163154,0.15555498790970768,0.2725579200891824,0.05750637387533165,0.2080353911590021,0.126043195836879,0.10297566360381127,0.11300700643325008,0.23448701008632136,0.1582690352739999,0.20399380174844578,0.003565967810253768
85,1.7,0.04186980878377039,0.19346775514503586,0.23743406029179234,0.04430823871973223,0.21443712636830795,0.14747328749617872,0.07573662709371089,0.13605250221659368,0.230987233043098,0.17790711937052558,0.2660309838902569,0.03679689502178201
86,1.72,0.04434672253735141,0.22264056298959412,0.2512060026635619,0.04550131612500914,0.22496585404407532,0.15626252227075058,0.045622923829932646,0.14255380449988445,0.1941850880916557,0.16949847566111698,0.28550360488085913,0.05955717996911678
87,1.74,0.147228333198662,0.24869371341682944,0.296862405703752,0.014095109932633382,0.257987772034236,0.10069718983520465,0.0665112799232349,0.1259895144979538,0.12605503655678887,0.17506021920549533,0.24870990605043772,0.05952239484256608
88,1.76,0.10135481431981798,0.2653741057240215,0.2548640270113685,0.049385458595414315,0.2575081739093608,0.051043643503866934,0.007408554482458423,0.14767825939187643,0.13879199053466382,0.1666355375829251,0.2698504897944627,0.05150191565131837
89,1.78,0.07496043871712915,0.2723492555952307,0.23474986496596653,0.06960232912946349,0.255624227042017,0.024117182175677366,0.043050702460375664,0.15039791194479127,0.14134671588671555,0.1600686195370089,0.27539655337319424,0.04294794854058395
90,1.8,0.07464167244243286,0.2724404221196438,0.23199656757931528,0.06938743705809666,0.2564904977737479,0.02145627664544564,0.04819849100740362,0.15544608530135304,0.13902435859037718,0.16017821903030954,0.27815239224965876,0.04141144834607125
91,1.82,0.09459277541162091,0.2637266077771012,0.24978307749301507,0.05234380001238612,0.25620566148209234,0.042206508227118855,0.0218446141057254,0.1441834585854379,0.1265425608485223,0.1589409657228377,0.274978301867609,0.04232690706558465
92,1.84,0.18334953465819173,0.49172719127260556,0.19654324417158225,0.0310419797633239,0.07337239880639208,0.004687829434834184,0.00961637264717221,0.32922692441058504,0.12881107105492853,0.02561328942195994,0.03128949193300749,0.03704830240519462
93,1.86,0.06955268981507093,0.5397410458809719,0.10464892408048182,0.07167422689744436,0.07615643606857064,0.0040682990921599715,0.06799542386345679,0.46982559804683216,0.03356179883394518,0.0061811599482450574,0.08974008270919627,0.006953245888741592
94,1.88,0.17590207149766482,0.503513797885786,0.019006044582730895,0.08568849540453354,0.053310467677811155,0.010641974872853786,0.08827007086562827,0.5209782437555162,0.0881935747662003,0.05982053306476625,0.04013937131868645,0.010989953183632523
95,1.9,0.20033154594126018,0.4672319302776703,0.02419977445944541,0.07259359885048365,0.06826191796718548,0.006695327352066057,0.08753123776075274,0.5137804357983324,0.15508775452764728,0.10032196045856845,0.014283810623645879,0.021181552962737174
96,1.92,0.14854025512066246,0.44755800305128923,0.02802594268311735,0.0456945905157155,0.07337346311104193,0.005527521152503232,0.07416574448114076,0.5005126721932306,0.15999847717231186,0.0903830578519176,0.01635896485700886,0.018990604818575077
97,1.94,0.15712023725859275,0.4338633390494871,0.014432205432576574,0.0367398718714512,0.06379717820627598,0.011712973904663996,0.11476143567337238,0.46172320562610164,0.01685133450993725,0.03779237125640337,0.09673280668599024,0.01642820625968657
98,1.96,0.0046893258664275714,0.40645901313733573,0.004786137755512789,0.07717239821411521,0.06770873435936561,0.005977388375165532,0.09501592659402844,0.45352245432371946,0.10545387234924068,0.00813232622275788,0.06999219628776213,0.007918227022291195
99,1.98,0.07021226145120846,0.40992256195947124,0.028156095676756792,0.053077185393221434,0.07874310500954677,0.005041658688884904,0.048567784122950805,0.48563787398570357,0.1430789613525351,0.007507622813426343,0.06534117387661881,0.0045572259107916815
100,2.0,0.0793635617384618,0.41962176557000797,0.05502438157843636,0.03267096637796221,0.08698524916056158,0.005606010862545066,0.014121720360184779,0.5092055220421254,0.14600867338220858,0.005250703142362079,0.06570674071396701,0.0037492606369687004
101,2.021,0.2229427221860402,0.3641245180435546,0.04144577595955042,0.0016006141450054005,0.03620384213032096,0.012936022983135927,0.021444809996742406,0.36857598715305956,0.028441343460277043,0.02777715919235704,0.001961954898494691,0.03111483314728104
102,2.04,0.2229427221860402,0.3641245180435546,0.04144577595955042,0.0016006141450054005,0.03620384213032096,0.012936022983135927,0.021444809996742406,0.36857598715305956,0.028441343460277043,0.02777715919235704,0.001961954898494691,0.03111483314728104
103,2.06,0.0011874949398701807,0.37268258997137116,0.03782554825694316,0.07781301426394059,0.19499787162183257,0.005619965973854082,0.024040156924293513,0.37430967960035644,0.12630884021835984,0.004020851465910527,0.007042562754143021,0.05230568862265857
104,2.08,0.17618133552140075,0.17573048094769156,0.0676925499293184,0.16815490056917404,0.23634279859988386,0.15666649233093116,0.012477476055196389,0.2196573983809916,0.23658508183386207,0.057821832610544126,0.21391927309482867,0.07924598873236996
105,2.1,0.19554134895263017,0.17021455276049305,0.07243672772852106,0.1476617033672396,0.2668051913868598,0.13637038672774854,0.039086390495487885,0.23876409184583036,0.22026429973182254,0.04313633198055041,0.19340342927266027,0.042413958933225006
106,2.12,0.211600981750296,0.17945008660687767,0.0676891991661271,0.13086378951571218,0.2909794433466724,0.11232783371914772,0.06098196865892363,0.2698463676698878,0.19053740135687033,0.011811521970719817,0.19474954787393067,0.02900126379866102
107,2.14,0.20384102303456014,0.17164184949466366,0.019349960737515267,0.1738797252351527,0.2893838133963543,0.127894007250242,0.017812333176747637,0.3113866125355467,0.1938286846662067,0.09580957893568356,0.22204343365064205,0.03294770296239958
108,2.16,0.20986279590231283,0.17182292679485503,0.017306581362510055,0.17359859890280716,0.2913237177097739,0.13705401593645783,0.0368175238791358,0.30919853622449295,0.20433583878238953,0.07778192566956507,0.2188186316699216,0.031356193189611324
109,2.18,0.22587675543381736,0.17886047702044272,0.03557515999676078,0.1807517645251368,0.29144342308062193,0.13682416996743496,0.031192716025647545,0.3064936878392069,0.20601841018063394,0.08648087978084178,0.2185862748194089,0.025225549411298686
110,2.2,0.2246317947178561,0.1798192590783984,0.0391481073386979,0.1820910799829667,0.2904057606336991,0.13583916886974734,0.027871213298057283,0.30539482734669093,0.20716322167803905,0.08966309903674448,0.21959055127116686,0.024380521716019694
111,2.22,0.22907667849977328,0.17098282763412215,0.03086625569988117,0.18035410261817827,0.29087735981196206,0.13029975677671177,0.027478356817428523,0.3017905670044526,0.20302953803214593,0.09749061059779499,0.21888996369868252,0.025932588439611725
112,2.24,0.007346353939373769,0.11058516575213168,0.014657486380078685,0.11724562391747914,0.3655931673401899,0.077412867200684,0.012936989957080152,0.07156908792735298,0.008020529372210834,0.19925912360142867,0.399758492954526,0.040079858777721696
113,2.26,0.022380080523360116,0.08948885871157414,0.0030920988930717257,0.00020627106216007467,0.43493641889208223,0.03986519119003094,0.07468594608175945,0.033964893930936275,0.0024598648810356316,0.0784509215694907,0.47238120297298836,0.07331871948352431
114,2.28,0.05356642369293447,0.07191079091436305,0.001683565908812511,0.0637680714646249,0.4665793212028723,0.019504957923748262,0.09363796545155674,0.041550103727003934,0.016178155754146877,0.180234043422232,0.4759501807560145,0.08192312355145874
115,2.3,0.046288634356431164,0.08303278290426554,0.0005354457285115147,0.0756809446206171,0.48106621905194796,0.035574417772660905,0.07120051692031945,0.06896899312193054,0.010228292029528208,0.17081036405649858,0.47579198064940287,0.05397493321731565
116,2.32,0.02133461326697234,0.09127454455782073,0.001875757960440497,0.06286912258947755,0.47728257561267073,0.03401840287479375,0.036753278856426874,0.0715431361816966,0.006915160224821346,0.08943316028859467,0.45461918854767874,0.030603287052871783
117,2.34,0.06209297323531674,0.11559594665676416,0.012762754554593256,0.10953628794049414,0.4271427247740926,0.08064912066987975,0.0044378897752859504,0.04361048538893137,0.01245709999741031,0.2397260030873281,0.42842584106527565,0.054794032405197104
118,2.36,0.04226264680235992,0.0510290915623791,0.003318650698444051,0.08630740993014568,0.3743516296539429,0.023538632397613696,0.07056368099568823,0.06345348543645984,0.00665501409858186,0.16163998537829696,0.3450153755027198,0.06552149768131015
119,2.38,0.023502286491502312,0.0508058192592625,0.0031918624365114196,0.05050477025365667,0.3674123768746977,0.06083457641103297,0.08410057209683947,0.04121234543177702,0.0009635029995494428,0.1468735023744961,0.31783558759179775,0.041817741986567576
120,2.4,0.004385495006808211,0.06507640966198215,0.004818296964504059,0.02823028419733712,0.39522372392723965,0.0657514038933723,0.0804278187374047,0.015060929590586154,0.0028527293758673833,0.14222683861409946,0.3303906998388781,0.010004319423524245
121,2.42,0.0021357173321408084,0.07380796973799139,0.004995276883777167,0.02709764289150137,0.41951975510975814,0.05883913214352399,0.06940210904714691,0.006179635413277884,0.0007413668046112974,0.12460105222278847,0.35495028183970073,0.0014624345287830183
122,2.44,0.06283566549182892,0.05454463344976698,0.012615392014313841,0.1233877832526441,0.27132678942006594,0.044654910384696024,0.12167988795405885,0.10150783918530888,0.033520046556711265,0.3983882337919332,0.18170954742860135,0.05429906892883988
123,2.46,0.024683669512250733,0.032977696924308506,0.002573946456990422,0.1816299545761772,0.2629651504830059,0.012430689202230349,0.14114723621460445,0.20967583186222466,0.19416986536122235,0.22248675332388762,0.13985999315449557,0.06214983685142119
124,2.48,0.029395644905621007,0.25626338235941193,0.2749154305378127,0.1377612697031817,0.18854951663344285,0.04400499922031708,0.1748786641824252,0.16476552752961235,0.18350054510457353,0.1951582350869055,0.27131324591495126,0.06388212905666175
125,2.5,0.13286878039741715,0.09654100541018652,0.2054821395075435,0.04093129082500489,0.15463075535299364,0.07096894520702304,0.1664094557791406,0.21534132464908476,0.2149808120933362,0.07940112296557543,0.18198606244893084,0.005633035210666534
126,2.52,0.12126324827036195,0.09753868325174928,0.16853688357410332,0.06271230011843643,0.19116216688248258,0.08573085417859486,0.17937560795379717,0.23398093243259174,0.17473789989212127,0.08273085967989133,0.16638452599307116,0.030060880034990408
127,2.54,0.19347014525950026,0.06610998559511799,0.129559463638873,0.2313645990705018,0.20549411804367132,0.052890078319886645,0.26420552983452605,0.25521353014677084,0.14644881197632367,0.2438453821863851,0.14964797945386193,0.025488861846317906
128,2.56,0.20557799945921956,0.08593286414560904,0.11588744879674778,0.2248095087802044,0.20649984062174795,0.06763136348308572,0.26718030664121795,0.25059697205839065,0.1352306053282913,0.2602487346072411,0.1527559335495872,0.044240937406483404
129,2.58,0.19674755843456201,0.09096022997668639,0.11657719201963015,0.2335022086554056,0.1940452397431166,0.06992321542391276,0.25486676032143324,0.2542733075639817,0.1281686848615694,0.2418654863023928,0.11709889966745227,0.030366610308090864
130,2.6,0.1847542120999205,0.08391492761833678,0.12091595048230494,0.2330226972439985,0.20576634199918475,0.050560348672591494,0.24753995325865108,0.25627323361848925,0.13266448226826622,0.2693379828389444,0.1558714048479779,0.02704671933284174
131,2.62,0.18283233713809843,0.08172134290738554,0.11712616966179402,0.24213665517337732,0.20806261404710027,0.04511776852025637,0.2534801056622782,0.25635535009413657,0.13445686831518444,0.26539391445170474,0.14898226163741843,0.023851225787535204
132,2.64,0.07076872250851028,0.09414318368041877,0.007410686037187299,0.37577793512404734,0.39898296905036046,0.004150045880416208,0.1775266397047162,0.12233318686092089,0.09447169256422779,0.23569927635135862,0.24966123398515688,0.03420767370540628
133,2.66,0.08636803953127893,0.07811147466701251,0.0017185793695291742,0.22449780784251794,0.4167283816204856,0.07113631071568198,0.15780004548193233,0.05911636188419831,0.09766926954856789,0.15330736331848105,0.32833413250226223,0.11277739748297741
134,2.68,0.06796147305831077,0.0008688657970086307,0.0005440172343661457,0.015358760110820616,0.3532037980904541,0.03845706317004405,0.05521985773594193,0.04550660610064354,0.024895595675062086,0.016870796855815794,0.33374617811938123,0.14119142301308182
135,2.7,0.06661021696462328,0.022244038621570154,0.0028304226057048756,0.14704818586424978,0.33228856496335085,0.017162587262209886,0.022676555168479783,0.10894173044727695,0.008605402590140364,0.11830340423555505,0.3350083758015002,0.12685207125689257
136,2.72,0.05799223224656875,0.029842712860883917,0.0012753203331792595,0.15392986740969922,0.34072915020619315,0.005206734561243089,0.04594589972038952,0.11315402150661814,0.007252103448985788,0.18621220945354636,0.3505208181393605,0.10586814078914607
137,2.74,0.05192197267857995,0.07208185563089427,0.009828136717009975,0.144359717240716,0.3598335426839736,0.04634176619805593,0.010808804400484194,0.08874032329259211,0.005235491558008403,0.14254968556940184,0.3838857676955668,0.011928296664453603
138,2.76,0.07967137356950929,0.05667478239021488,0.0017476526529967944,0.021303368263073004,0.3627321865895608,0.06465938998552717,0.0020390374717364225,0.11438264108863806,0.0031134958210877863,0.13703832633294488,0.39901565036558767,0.07823124955729499
139,2.78,0.1458361116887585,0.21699175178844698,0.18160877103533288,0.11556168967573126,0.20499781026573835,0.0029246690800713237,0.013580129091597417,0.0244536040483241,0.005455603217208778,0.16157462349119026,0.3815484210545396,0.042695150891845626
140,2.8,0.05901473413829463,0.09803518088932262,0.10028500752899298,0.12002759813433724,0.1782256032705895,0.004251972928090208,0.0487460815848104,0.03947100519526001,0.005190562629833168,0.161551360362061,0.2992434567466262,0.03221724396093105
141,2.82,0.03910410337155931,0.06090879519274551,0.08349773487592704,0.08031766443724304,0.20713571988688304,0.037149092629058446,0.03062237671318578,0.0573668069559036,0.005953002511155642,0.1184360449463217,0.32014171394520463,0.024301073746057864
142,2.84,0.13666666280768933,0.008074895840514691,0.17997967767949022,0.16829028289608744,0.15690194908553406,0.05077248317944599,0.010472010738178654,0.020370088359429384,0.0029982660692173886,0.046977341291215176,0.2876253475384394,0.15171146706888514
143,2.86,0.017947583637164123,0.027990912655982872,0.10969734986326617,0.046927735864775756,0.24969100936951594,0.10132551028056433,0.01853863572568006,0.07355646548920707,0.0031142156532587856,0.03836672184843397,0.3597403774670755,0.03084262322865114
144,2.88,0.1365814684945335,0.14389130383071908,0.045760875116084086,0.0410881287525838,0.18437733109568222,0.011435167861803545,0.03625272869757236,0.19958674188181885,0.23208266904524674,0.026462822588624795,0.16629661968542517,0.03077757945757285
145,2.9,0.1774564098631357,0.15577699751841645,0.05405653618649538,0.10132190405143532,0.13289924207810805,0.06218892345419465,0.05707603024185755,0.10317963036607189,0.1954922761436047,0.054835409971094665,0.11619004634907003,0.05795585753047103
146,2.92,0.14755980167404795,0.183707470346955,0.014568176205152938,0.0982238868539868,0.12681456126217028,0.04370869819692985,0.05991558807855629,0.11886972596562831,0.18312858650567124,0.04817020094369068,0.15025761952177252,0.057156634285453735
147,2.94,0.1680404967265285,0.16222117390834812,0.046599323586643406,0.14093544818425277,0.11814745680706185,0.00016867787629280855,0.17272224967602187,0.12870502401295394,0.1854648363996175,0.08643427815869206,0.14356939774736624,0.08886536157870062
148,2.96,0.1547910509319705,0.18977248716170722,0.05549902408018861,0.0755331431399196,0.10774204057372745,0.00752635416043373,0.14864251967832398,0.12057162956686295,0.1339573560796653,0.11849141216885413,0.16753682963840438,0.07587368101998551
149,2.98,0.13859420303134304,0.20054634163551635,0.051521745972411576,0.033035104047703046,0.1123315484548765,0.008202959474689367,0.13355390841179296,0.12247151573749022,0.10690061669719347,0.1368818877164627,0.17676721731647274,0.05396011771013407
150,3.0,0.1363896149377043,0.19978618997773034,0.04147045128160175,0.030083066141880135,0.12288585304344209,0.0070311677082875714,0.1304864811321361,0.13124081601012885,0.10532697844976967,0.1390099528197907,0.18558581579157415,0.0443588343729391
151,3.02,0.13865881427929408,0.20198542508435374,0.039049015907768055,0.05515673179841657,0.08725427639091742,0.017287026221283502,0.1483692092942556,0.1213183357752488,0.11999113718807111,0.11875905736586145,0.16659689884993056,0.057618692015228234
152,3.04,0.06168868111635364,0.33447133343970614,0.008395612040566791,0.008574032757033995,0.020933023952417824,0.03326831001400984,0.32974361396704727,0.3150503226473403,0.19762175485682443,0.05727792314927613,0.09933289118358135,0.008478292803411823
153,3.06,0.044249646030705164,0.37870884032864777,0.1455578480173154,0.01666454165354052,0.06278045232645275,0.021154505306109374,0.183294965457626,0.36344248212488295,0.24873617547427873,0.1064814411872378,0.10449614349094431,0.006033329215604702
154,3.08,0.08906799729119926,0.3313289299322358,0.16117193873316712,0.018772663442274205,0.06971271268623562,0.0071917452312493515,0.015241539758837176,0.2930095104802556,0.1996723045461915,0.0782438462768117,0.023400434343956795,0.0025443155504081888
155,3.1,0.1159620314268506,0.29506459505203986,0.16230407248455217,0.010954520047331849,0.0918044651486792,0.009644399618942803,0.09632138821691964,0.27204563253942987,0.16138428038317593,0.06511844017788433,0.03975998883390511,0.0039564205272507
156,3.12,0.12833987914870978,0.28703755380234935,0.1685463182845761,0.005043626089896045,0.09075111975731162,0.008854459602658021,0.07823825296167493,0.2917303741971699,0.1345023775267677,0.053387238888368174,0.051336502776650986,0.004509878299880952
157,3.14,0.09680754705743906,0.3356701882646149,0.05278259375385692,0.016396219634506663,0.021152176364338676,0.04330712275679954,0.2253133238328274,0.31289521155750577,0.17866706457735793,0.028033804053164853,0.08213638006369553,0.006041491512061392
158,3.16,0.07740376099197357,0.33937685232345144,0.1414302358664305,0.004188570065463345,0.08334487396502112,0.0003084573020592447,0.06391834283255478,0.324222761523991,0.17579085154021068,0.08120606847678713,0.07851461983029358,0.0025455944879340304
159,3.18,0.08962796148197319,0.3187240409272827,0.1856159875287695,0.010761470572171658,0.09929326793742672,0.00797239653775353,0.02704037969469701,0.3274710235767453,0.1503203288206974,0.06573109164752587,0.07111713057827389,0.005332901835101241
160,3.2,0.1097297804745436,0.2980789507406767,0.19605104429457856,0.00309904662282079,0.09645735099504528,0.008217860979809302,0.03796443755174112,0.32611378965072335,0.12342785223948756,0.05257442181987316,0.06710130415200447,0.0056262790418132634
161,3.22,0.12013791019231158,0.2895860007433786,0.18626564110493574,0.009865187685716141,0.08949575729630373,0.006834056647612864,0.004969653325222589,0.325942832222207,0.11037107607648917,0.027043363151207065,0.06681560002448308,0.005751878074896728
162,3.24,0.10075785755964303,0.317776420442212,0.03759146969992725,0.01587275665100689,0.05917133858375701,0.004849636156844171,0.21504961631571098,0.2808994193637886,0.16490223586241268,0.00702729360277805,0.07322373204901435,0.002162748875134592
163,3.26,0.10663104569132366,0.33424647857355017,0.10930156223481324,0.0041672312961955164,0.09603361512894912,0.005536512102856115,0.051646667696970766,0.3097036009350017,0.1907863423460851,0.05876335753062707,0.08476863271114712,0.00553525422865376
164,3.28,0.11621252779988472,0.12161780667382775,0.017449913374841235,0.02522517495775694,0.15725866070264777,0.06184286895808961,0.05996363259000217,0.07464971093183814,0.04866388209373506,0.07414968568804663,0.1235755594508069,0.023994008661846554
165,3.3,0.07289920550507202,0.11645708651881104,0.005394343415682937,0.025002917178745677,0.12262798484245291,0.08298121835170277,0.020698921010174395,0.06826313417866313,0.01964497163386044,0.11853201211222936,0.15305741335802167,0.019674351103135958
166,3.32,0.04882659785576954,0.13050293705354118,0.0012651197017115752,0.032432776949932914,0.12892301758305003,0.11514698127019883,0.028867365792422342,0.08498048907930661,0.0281635483566347,0.10259372811213058,0.18113994665609043,0.026187672461953068
167,3.34,0.05778303259827792,0.16848523467470652,0.06059580427479113,0.04332622115266606,0.16781310510073272,0.09222050968953664,0.08555349909074467,0.07453483505121264,0.06431989159488061,0.12223486951228639,0.16258575628905242,0.05789804219169305
168,3.36,0.031817090708552424,0.18022525255744942,0.033518760584550875,0.06141144273965832,0.1660336627971675,0.056214641259141246,0.06966486372492771,0.08621919145460015,0.06831065727627283,0.12703869403888085,0.17057568819065955,0.05173412835036275
169,3.38,0.016033069894299666,0.1862921934674077,0.020636833248707315,0.06980609686631359,0.1650232127169905,0.03483393027685599,0.039286684269069096,0.08907201560285088,0.06484342475408722,0.11902576215457175,0.18081922467248146,0.045257924843221144
170,3.4,0.012632055030136735,0.18685600324805082,0.01974529808399936,0.06956048119311342,0.1656285334570937,0.028452311025296814,0.03092454637155672,0.09015665221273053,0.06692627984027671,0.11438918831774411,0.18105132559939285,0.045772465353389434
171,3.42,0.01764258714468911,0.18433827617182122,0.028085987517836104,0.06642828468248974,0.16499280023267784,0.033599277368864054,0.03966093903031547,0.08277597147231029,0.07817889986922624,0.11350660109289325,0.17891095558395106,0.04951815027346279
172,3.44,0.15286761318443665,0.3647954968638909,0.010544511131363963,0.024344236716564258,0.07760090765253908,0.0037626790804492945,0.07561467145145039,0.26274800486518035,0.24154518334508485,0.01846497784891642,0.07916343280967032,0.011821830271575759
173,3.46,0.09639522998606706,0.4219638826227277,0.0697832427439841,0.06592469822980196,0.10663667731058679,0.006937794156913001,0.09082655653990031,0.3661284234229969,0.18343544644028106,0.01272567069444946,0.09382398415977135,0.007459054136611416
174,3.48,0.21099161888863852,0.3733250376220787,0.12784484570891308,0.08398524856940943,0.043205192705073205,0.00980945345807612,0.11172315131607692,0.41208673915714444,0.06683735745355056,0.024962825123641296,0.061284736937818884,0.0020614922039625195
175,3.5,0.2105060314588335,0.3310771296636185,0.18291695422358803,0.06996444776558493,0.07201151143305796,0.0075193185515274015,0.09364864122876572,0.41510392193471246,0.004880182579703394,0.02008744126956838,0.06530814552678732,0.002921772696565233
176,3.52,0.18559898702932473,0.3089139537237119,0.18385866232921041,0.03951898739854978,0.05980881041777509,0.005118374550850554,0.08470821891883248,0.3706434948766607,0.02845125826991654,0.08494030511769622,0.002035050473616102,0.011945542204118852
177,3.541,0.06819765699988595,0.3008252967028701,0.13001028495226521,0.07775204335780743,0.06799835973875454,0.006468738922221952,0.11939447314997587,0.34286055154549366,0.03943553117228874,0.009751899740584238,0.06741731666002053,0.007054716899393291
178,3.56,0.06819765699988595,0.3008252967028701,0.13001028495226521,0.07775204335780743,0.06799835973875454,0.006468738922221952,0.11939447314997587,0.34286055154549366,0.03943553117228874,0.009751899740584238,0.06741731666002053,0.007054716899393291
179,3.58,0.1463947812704598,0.3398750101997349,0.16647857779421427,0.058911952682339036,0.07960264512679115,0.005064944182705799,0.07842579186703796,0.37105268848509404,0.0013719253109759017,0.01817838217385387,0.05801821519376678,0.007478284583040962
180,3.6,0.17435515989744144,0.31145212442996184,0.1628843197443312,0.04579607839814258,0.06864948241522159,0.0051456893644334445,0.04339907893736265,0.3610590884015392,0.010609083860012674,0.034861313219944956,0.015377437252844545,0.038859637565075496
181,3.62,0.14501862857581896,0.31046183203718974,0.15754257723557524,0.022012684326493136,0.07036591646469519,0.005679060187163578,0.028749183296058085,0.3529722309830615,0.014407834340646119,0.027131863167733687,0.014989214643835713,0.023732425735772843
182,3.64,0.17083387730458155,0.272929777520193,0.0733385874153368,0.00043128503052765387,0.03511798463951803,0.014680585835691533,0.06139440053310977,0.2836597434797528,0.08245649059098681,0.011810731789731984,0.006631264242486869,0.03992696639332705
183,3.66,0.05432898652514993,0.2958147109398733,0.06691801587553649,0.08115321417268914,0.057489860830615615,0.004739441668308209,0.04751126282454629,0.2939780539030775,0.02821538780493035,0.00812902770151242,0.015303749126563062,0.05200475126262996
184,3.68,0.011726859227960715,0.1532013687560691,0.06039219235988644,0.13937128066506077,0.20161351743021644,0.07894675416217044,0.0567213939033323,0.2220107318728093,0.07259844761401026,0.05079801755832188,0.19260542156053426,0.10247243650756825
185,3.7,0.057615819279890436,0.13365233109294422,0.05670457918649633,0.08794577009181681,0.17274601570858394,0.09382850698058909,0.05076461625220576,0.1827988540491895,0.09199523688707827,0.06431757433803195,0.15754961477688445,0.04434352001892586
186,3.72,0.07526601869661813,0.13773328581839628,0.05237530851523602,0.06953475640119318,0.19609269542173582,0.0656145458896376,0.07832949878570232,0.20650191926244085,0.0703834312490853,0.0373106506676133,0.1529517265993356,0.030429137192479465
187,3.74,0.20279329279722247,0.1379560368876591,0.043503652008658196,0.15756985414724645,0.22839290052527786,0.060581875574356576,0.007835266519181273,0.25536029215644673,0.08738407262648865,0.08085760345989398,0.1712348141012151,0.013544314381419289
188,3.76,0.1722406726103203,0.15175009182740345,0.04910422748980406,0.19030389990960309,0.21586816765320843,0.07210294971754318,0.01997731959120324,0.24780672406995385,0.10669080807843691,0.05193826863303469,0.18034608187515708,0.011017741418410729
189,3.78,0.1508327774668658,0.10969152033814743,0.030613940291638504,0.19382892824429285,0.22373624355894545,0.07799181952844637,0.02278366759903663,0.230574142681702,0.10465051846474932,0.05193689820777368,0.1819812174259291,0.01770061004830774
190,3.8,0.17464912439949448,0.15233665887365058,0.03252364169753687,0.18470330761749362,0.21688283725998447,0.07389291749897853,0.01922484694294499,0.23313504089699333,0.08895150251067678,0.05900550063495098,0.1779179089391486,0.01216541301001656
191,3.82,0.18614887662802165,0.1514527420888222,0.040771313954311016,0.17303035458972305,0.21363892688935915,0.06715639326843567,0.007585764072618867,0.24224697926935193,0.08891394614432477,0.06733262601902411,0.17444352239501765,0.0004076084483012129
192,3.84,0.01268067028963385,0.10325618900434379,0.012079961548706155,0.09635777504723694,0.3194092793508227,0.14104587827925105,0.01062522188584755,0.07226870175257741,0.007751761631925776,0.16654144628246687,0.3634834206006867,0.003626934017461824
193,3.86,0.01576750202628891,0.09290391639552284,0.0023128232114592038,0.02663829736319168,0.3975803219761614,0.10161590598320731,0.07478790927706672,0.08068814943015047,0.0066403584400921865,0.09928590141133439,0.4403683933136438,0.011970430420427069
194,3.88,0.05107911759146397,0.07134831350300623,0.0016987701109998814,0.09328574229434751,0.43138608333792317,0.038274593732806596,0.09243592322350415,0.03742549988390218,0.013017915364616533,0.19503803831120564,0.438543102634827,0.017822905428684022
195,3.9,0.04706037460644644,0.08355840502912047,0.0003459447135649008,0.10696872842246799,0.44458000590537633,0.015227802452915181,0.06958961694018724,0.06583876996776837,0.008682362178385118,0.179170645407013,0.4333805653041739,0.0033610250703180688
196,3.92,0.022094509888294107,0.09127785431389972,0.0020455178070155626,0.09287559641989306,0.4391897024411657,0.013341599894820776,0.035159434054833,0.06949653501496555,0.006189237296994367,0.09883688669992034,0.40988152661394933,0.027364326120360775
197,3.94,0.05801008449380234,0.11313754610082534,0.012268864921519473,0.12684692047500168,0.38865790338808104,0.11657842159937604,0.0248062295485356,0.0432301372614602,0.011857178332821919,0.1982728544003767,0.3855045393208215,0.0034964850270198886
198,3.96,0.026892449988216358,0.0828418556848053,0.0045741641823688565,0.0726713815019135,0.3737349892891201,0.03697639394583269,0.0596645051940877,0.0552591945031839,0.007322780066650454,0.0027882141994761494,0.37231987574822856,0.002580157717065085
199,3.98,0.02796561829249352,0.040318261594137095,0.0013039039572951357,0.043938377243124355,0.334942534153914,0.01286723636967424,0.07481550504141248,0.026740959545891008,0.024146048931005748,0.07009373388307882,0.2951629387036076,0.008865345068881581
200,4.0,0.0007047042541216434,0.06299091240945814,0.004634353372393976,0.02975047466765178,0.34766496363851035,0.012077619343089324,0.06684520748488307,0.0018300877558190972,0.020919583451931872,0.10522972972836867,0.2944091845539188,0.03472073768954228
201,4.02,0.00471716289827915,0.07242497617775466,0.005076942204935308,0.03952600708006424,0.3744293185880844,0.005476421858719737,0.0675721434203214,0.014226149128807167,0.019538223495536397,0.11303092497727828,0.3196709754410637,0.045693377154518454
202,4.04,0.06627637778456744,0.05312975911336742,0.011498069402922645,0.1446261520555591,0.22376893014531102,0.09545868797827567,0.12672051584982172,0.13993143099613772,0.014139569495992132,0.39009726972956893,0.14072824269694104,0.0977078072827103
203,4.06,0.028650018212712607,0.03242997290136189,0.0033471304663663577,0.21005518524824715,0.22250564309915466,0.03788523353270064,0.14387085073536168,0.21764839388446403,0.18261077321940486,0.23165301129164992,0.095385968339961,0.10430338852074174
204,4.08,0.007232625853039459,0.4099606634906064,0.34993030550260257,0.21335469004992877,0.27817950645643247,0.04678894808937851,0.17169301476944512,0.033619863110203235,0.08483938870921333,0.2122823356137489,0.1969523787446057,0.10677162096741483
205,4.1,0.13872207106942863,0.0956906604100362,0.21976269992287734,0.058408425457398605,0.125968996903775,0.008934380172329403,0.1344980445888287,0.1710537570052914,0.1998651471763867,0.04550286694548905,0.17083271836638222,0.0491513645306507
206,4.12,0.13789373140479397,0.07849906350750373,0.20296033769910551,0.06591696375505396,0.1394219793905682,0.025780579525294108,0.1300601476447807,0.19481209767599952,0.15106771890227957,0.019294557839127886,0.11893512580830418,0.03326697281390174
207,4.14,0.20950086384616437,0.051836218773709745,0.1648217913464543,0.21938406747762973,0.16598797901303478,0.005707414662295078,0.22291234627734036,0.21593463016816683,0.09930247604409814,0.18870090064471293,0.14053333149202415,0.03752658110448964
208,4.16,0.22393489408563516,0.07289649667141417,0.14619720565321045,0.2188906648506954,0.1670181178266141,0.022550784673409627,0.22251282651623175,0.20602273027122364,0.08580936526923205,0.19707374211617565,0.14113984014494083,0.06409232240335308
209,4.18,0.2170657360258264,0.06355691083990121,0.13277327611445436,0.2282422305049183,0.1761508922954851,0.024243292285691366,0.1904754155403996,0.16307832974717423,0.004138006455482955,0.22229687317816452,0.13104224921215982,0.06768126357420119
210,4.2,0.20259410339355644,0.06421629761091524,0.1316433038807067,0.24174350860259114,0.17761672599178838,0.01620157552092605,0.20130579402140178,0.21265076187830123,0.06904748979650895,0.22891110513412893,0.12779652188509516,0.06351299979216377
211,4.22,0.20086990838191598,0.06618540676056577,0.1343693255200933,0.24249252596192292,0.17061096953470697,0.008825466702315345,0.19873339246764082,0.21348770328761624,0.07146751141667836,0.23041834334786193,0.13187555621022606,0.05302037878076652
212,4.24,0.0533910890519273,0.07571447916826671,0.008503849199254546,0.35195530871227676,0.3818736882657406,0.027193198152727138,0.1476185878591049,0.09369400378436686,0.03913693495091016,0.20976821453780078,0.2275920145011028,0.034410228577267464
213,4.26,0.09118993711688629,0.08135631803901183,0.0007419210165280846,0.2200040022576346,0.39490325058272896,0.11071130292144717,0.14192566077170418,0.03377388294609591,0.0708419692716042,0.11472571642457571,0.31808641344832067,0.12569296496279858
214,4.28,0.06949805375349745,0.001139866451220763,0.0007892622809503754,0.019111774228913064,0.3284183918603876,0.07866924503893723,0.04052578634978218,0.06745895879078294,0.007942634487672464,0.01675202983953951,0.33096222924078983,0.1557124929530742
215,4.3,0.06830283196661559,0.020596955904771924,0.0021446566825980198,0.14307902094742028,0.31266475579457553,0.05359501752005364,0.024243242181869004,0.11028702087746857,0.008368709518144932,0.14276577216436329,0.32826690034827577,0.14249811803932622
216,4.32,0.05704584161398204,0.029810049185976094,0.0010318206799039328,0.13992844789842215,0.32011394155543904,0.037481735666422156,0.04339107861941841,0.11255836589273731,0.006972400663520124,0.1969677404486561,0.3363263964049179,0.1243654757367514
217,4.34,0.04856974912599901,0.07232803507514717,0.00880661513571037,0.15979823567412585,0.3369682753875474,0.0771318536906104,0.016418018772832152,0.08927125683749988,0.0052116453987836285,0.1393227453692279,0.37085894372377404,0.04051378152008234
218,4.36,0.07921824444249417,0.058960610722477894,0.0012910643760180775,0.007621846173003474,0.3434135056644261,0.09339720463273045,0.0032784224421536193,0.11195446836811465,0.002752902386458513,0.13672643994503006,0.37583039577607863,0.10507641559689933
219,4.38,0.1482620217187882,0.2102833128517108,0.1807761902294806,0.09960623091431905,0.18176665981636336,0.02264596679999569,0.011250076725858116,0.02430233636573486,0.005411302418981662,0.16738564884468662,0.3549117026913612,0.07168877759708361
220,4.4,0.06242642114832902,0.10253819022548875,0.1007113703016249,0.10354743609732628,0.1575603383368344,0.020409195749233132,0.04843617731207894,0.03819783835966644,0.005031556878292987,0.17242907622042428,0.27559048489460225,0.0023557122053653747
221,4.42,0.04119239505453063,0.060183782104267454,0.08303434302250842,0.06593262750210248,0.19208150649967004,0.06282865181920176,0.030228756931162826,0.057856455844756884,0.005773417234863636,0.13356416779543,0.304208189413992,0.004932692088108776
222,4.44,0.13961193378611736,0.009168893282367592,0.17664844733341445,0.1713695482098187,0.1428067859830556,0.07757005771811205,0.008759836143569831,0.018199443973875132,0.0025799696843550653,0.06720424728478906,0.2676481316723875,0.12905828297650265
223,4.46,0.0192206249152089,0.025348514872974418,0.1113099691046421,0.051546155381445295,0.22844353742103943,0.1270313217715115,0.016968200145665763,0.07384576057355648,0.003061532224011645,0.05763373734004946,0.3501059358485639,0.008388003402515132
224,4.48,0.12557060417850222,0.15554961034590997,0.04535735630793798,0.04203935298134637,0.19734909283538618,0.034496691542329705,0.03663498238611559,0.1755981070753483,0.23126311410347625,0.007885500748169382,0.1578661971862952,0.0023009145960285545
225,4.5,0.17226810591025152,0.14534068909717304,0.05630015508561744,0.09773460558246944,0.11629926540851908,0.02935003221889723,0.058170218068324044,0.07673705836567984,0.2001972523570601,0.03416259947273634,0.11391992362671469,0.03312515853603103
226,4.52,0.14451057366255599,0.17919874878040143,0.013448184804361892,0.09347558826514367,0.11737294573569042,0.007930844345220027,0.05949022296154082,0.09432890500476455,0.18575781699934416,0.026467463433316577,0.14109541833070735,0.03796891678104242
227,4.54,0.1559689369779036,0.15934680468079326,0.05068291678522106,0.11594789951925064,0.09738688681382976,0.017890786323009417,0.17599092112752618,0.09987605076548499,0.19690061770185308,0.10444500385067632,0.13725467639130856,0.07113633021080466
228,4.56,0.14662883404334498,0.18338479387197174,0.059884672316029286,0.0674681210861079,0.09126158255022493,0.03537197616711658,0.15247423284795136,0.09933100410181614,0.15266405956688578,0.136291709829241,0.16220186690524196,0.061020838601782264
229,4.58,0.13236667369106106,0.19304268179764872,0.055948463118899255,0.02497698513157214,0.09022930387438025,0.03402895701312548,0.14161061781162054,0.09909015367367587,0.13073570177655455,0.15063795062244958,0.17007347281589535,0.040954215972381726
230,4.6,0.13217079887512415,0.19786137891796435,0.052786265153797446,0.019697164772517324,0.09335254911209623,0.033816874111086,0.14141226770423912,0.09737588986499714,0.12942699535825108,0.15073278467390933,0.17105905033029303,0.03612681339808401
231,4.62,0.13277559724325214,0.1883266292536503,0.0426449648970876,0.0486626188490475,0.10349396243372591,0.03345046381071175,0.15538228161504683,0.09526049367470178,0.14207037782764667,0.13370481661672362,0.16493295224655843,0.03519899757930941
232,4.64,0.06229756201523842,0.32704462791137995,0.014622974506009977,0.001708359315532105,0.01612444859183959,0.05758674368742816,0.3319131979111782,0.2986612357758387,0.2228405444381718,0.0724403593238856,0.09701812419572964,0.008238445651269551
233,4.66,0.044422892210357424,0.37105095331989735,0.15024478613671477,0.01032481883334068,0.06691918370555186,0.016429036460647358,0.18606480720499816,0.3457719860245897,0.2710254733095824,0.10960764276108247,0.10589315677601946,0.0055764762928796
234,4.68,0.09404231663517566,0.32767157148940884,0.1599858786134889,0.016574450485447936,0.07762765026426072,0.0007562907460504916,0.01672719260441064,0.27890146275593586,0.22210416921779735,0.0817909702102164,0.019936541526944313,0.0019977773345569707
235,4.7,0.12463753001901216,0.29332598931707926,0.16252684396535327,0.010200915023246675,0.09288840638796249,0.009935731192901488,0.09991746125390534,0.2607182106387624,0.17752808134101739,0.06713043248115759,0.03733116071558516,0.003405073347909904
236,4.72,0.13605582513930467,0.28611047371622245,0.16785102277033104,0.005844437412068305,0.09187360480329437,0.00912232466101214,0.07959230321463835,0.28239650548620143,0.14194691144237429,0.05372909508991181,0.049780567031168746,0.004096585883496246
237,4.74,0.10034987189033649,0.3399337998211966,0.07379775402820433,0.01991360293006591,0.07166491415201386,0.004206117209517291,0.21488816258826304,0.3080580915084563,0.1859733104309888,0.04305775638893111,0.09229489764299362,0.00617261339782266
238,4.76,0.07736333499338378,0.3333443791806574,0.16046971564125756,0.008889443597695817,0.08166913029558602,0.004029357189285386,0.0567701706748787,0.32372206428456596,0.18015417414336266,0.08220745284472969,0.07842310622483767,0.002773786607326273
239,4.78,0.09375644542921767,0.30377436063164,0.1983534172794396,0.008895068445454632,0.0971512439093201,0.0075975704185960126,0.02301263153560836,0.32070050030253666,0.15066879900349237,0.06826641622696432,0.07050793810901622,0.005405068188103551
240,4.8,0.1085174308959523,0.2908321906612249,0.20599068929092273,0.0029274562419766875,0.09538927054076739,0.008052463575026534,0.032110537207385,0.3227688302828883,0.12457869751789279,0.05094583121124037,0.06729827993467043,0.005959283313861182
241,4.82,0.11953893794651843,0.28336462907205107,0.19569375054930616,0.010153601969727172,0.08894611501051872,0.00665594604126322,0.013016796405331139,0.3245496405317087,0.11293916573071103,0.0265541927783455,0.06732282108711586,0.0059230945134860855
242,4.84,0.10088557022242085,0.31473874522978124,0.051470182382335014,0.012638659210180337,0.06125542323232805,0.004237679029928004,0.21091443514402655,0.2789927194987551,0.17201021374477427,0.012719158343532832,0.07396822005645566,0.001739596927758291
243,4.86,0.09113734872210044,0.3164113395933572,0.11788563111469758,0.006302023103131018,0.009513388488929192,0.0018319867379098054,0.055114901737868094,0.30398424163158666,0.16964442884496841,0.056089014002161694,0.05109149971505833,0.001756900232491477
244,4.88,0.11895410255517098,0.12617658493921843,0.0010185471655311527,0.013855287979984312,0.15932201608296848,0.047511307088093535,0.051729610874814674,0.0820507895847925,0.04874651827936425,0.07144889615577373,0.12587487947896975,0.0255228700303665
245,4.9,0.07603412193632111,0.11638240310021494,0.0049725045360429826,0.02702976013935706,0.12763309200340445,0.06824626957362259,0.013238300011327413,0.07528332299074857,0.022880529898352236,0.11363005081827708,0.14843679576711874,0.020730594745918707
246,4.92,0.050372399155045496,0.1285937663064815,0.007930502189480134,0.03840722332611065,0.1331692279778184,0.10258533582500297,0.03556029722357365,0.0918081860725075,0.03210359802134662,0.09592725767233203,0.17577597735474407,0.024441222174930194
247,4.94,0.05568476748504355,0.16676813020759415,0.04976480549383374,0.040982679386093984,0.16832847436373877,0.07168297643868081,0.09129493956707661,0.07624842019010203,0.06706843944237306,0.11774971837866521,0.15529945060025602,0.05723763160512517
248,4.96,0.030116758447124206,0.17762729089960105,0.02248678961513019,0.06023406888475612,0.16883684572120175,0.04467174268336996,0.08051322621057545,0.0904220888922477,0.07173821390536632,0.12516626296774946,0.1637044418250038,0.05159478038971997
249,4.98,0.01584563061760874,0.18385784720810677,0.011124509798930409,0.06615954260771784,0.1695728588281747,0.024124875271307335,0.050048535048567454,0.09443850109404474,0.06669218573240163,0.11676944540811114,0.17561714397812186,0.04516439765516476
250,5.0,0.012478691192718465,0.18427211722807377,0.010510463333389343,0.0657736177679912,0.1694575841139241,0.017170980983371397,0.041695672074427544,0.09495165631159061,0.06860101883060384,0.1116871068323727,0.17540036652845808,0.04580279849004127
251,5.02,0.017108680680506153,0.17885810051124437,0.014088156302291027,0.06301057171452526,0.16886148519376387,0.021928736899011248,0.0496374483875669,0.08616619553474397,0.07964830500358568,0.11083220536419758,0.17325965931148535,0.04925273623651514
252,5.04,0.14007173960767114,0.36526238063912725,0.0009781404196271242,0.011230814701599355,0.08220286692449258,0.004318777882986117,0.08007629230395875,0.27121753050138153,0.24126241342704452,0.013332726343706294,0.09032346083336698,0.011894123217564417
253,5.06,0.10533247901813589,0.4157640235389133,0.0791863443834383,0.07013570482960184,0.10597833529567155,0.006992194410190825,0.09142310919869884,0.3730082594189811,0.17723710139753415,0.011078378647859774,0.09353975445224873,0.007307114566153948
254,5.08,0.21424590285997316,0.3605333738173324,0.133887500299612,0.08263327025228995,0.04450682113293811,0.010166796022468812,0.1024292512721652,0.4121602395313673,0.06309412128707256,0.022661730737157014,0.06033098326410825,0.0019014944163102477
255,5.1,0.2093482158756678,0.3282536647993095,0.18770713372719897,0.06830984652597513,0.07313680832600185,0.007600350160437393,0.09232416593261737,0.4139525138256177,0.003203401633592225,0.01868491896638746,0.06579505550878594,0.0030067862851773557
256,5.12,0.16979223342363578,0.3062263947291405,0.18935033724441827,0.03888346468870353,0.05932679070858436,0.0052120311144986525,0.08101322485513436,0.36894214775203077,0.024879983987003196,0.08084011379893592,0.0017457737020018143,0.00858496245841158
257,5.14,0.09513571352465298,0.23420569487190346,0.0892273258860411,0.031143693790267053,0.05576645594578461,0.010685428174036426,0.13169008569624088,0.32579629173237934,0.12059846225191824,0.028571905219002207,0.08835226187766643,0.023338406661126503
258,5.16,0.0649716021874531,0.30536412942948804,0.12910078948570236,0.07685843530709766,0.06832138205433624,0.006809049259801916,0.11683826076271596,0.33859585310465873,0.04268677940257375,0.012066437849120254,0.06633047707177805,0.006993489769396458
259,5.18,0.15237635529649998,0.31970470207671065,0.1599168178463625,0.05714611816936931,0.08481352576005134,0.00587366595733202,0.08217046107158417,0.3831550798367373,0.008463732307884839,0.011428650052763735,0.06453738934611523,0.0036200971326655436
260,5.2,0.1727462218120426,0.3122517988258764,0.16198358500461402,0.045764607958983995,0.06989547431122298,0.005343302665656,0.04136034314931541,0.3618968974760705,0.009995974935053659,0.033413724872807554,0.015282647524950272,0.03761589799183376
261,5.22,0.14950282033484538,0.3138943072738591,0.15886364803159447,0.021930366335257457,0.07068336654921328,0.005884158287861021,0.027353816397992736,0.3540400166666806,0.014366140622553984,0.028800691365410615,0.013093929488882002,0.02225285233570818
262,5.24,0.16458360182611478,0.2735058793905592,0.07644686592631936,0.0006231773186791992,0.03605084258956552,0.014678687047620551,0.06007799330315857,0.28646806644807843,0.08186837935248178,0.01090971436532267,0.005507617098296829,0.03885483025426111
263,5.26,0.059167913432466614,0.2955279920174405,0.0702281799317173,0.08358459365857597,0.05815377435916986,0.004911305065850202,0.048199483580998306,0.29605587238964964,0.025317520675181237,0.007771931026742568,0.013526705451633824,0.05172533799343104
264,5.28,0.010303556489637973,0.15692955615486132,0.06308841384389516,0.13506241045648634,0.20358533998352416,0.07904282912094984,0.05614063053665777,0.22109869256380404,0.07588210863436531,0.05216431914949662,0.19527120771541132,0.10291679078898582
265,5.3,0.0537822335053692,0.13499051808031348,0.0610228093795544,0.08664427355420942,0.17375674808605668,0.09894172886632045,0.052845046507447584,0.18580902683242292,0.09397224127068755,0.0630924182617603,0.16019504927736053,0.04065753900187682
266,5.32,0.07056745633474325,0.13572399619877107,0.05769505605967623,0.07019391082384878,0.1993737201132436,0.0758565636193721,0.08243545271126118,0.21368911089960366,0.07185343570595908,0.034535218099523965,0.15364732022403124,0.025279227117378518
267,5.34,0.20169860916445848,0.13884027274609892,0.045990153467758726,0.1506378897818426,0.2337036493953793,0.06641440491771959,0.007996695110593574,0.2587170417337783,0.08801484975626078,0.08176375968263527,0.1745909788595288,0.023047489903644136
268,5.36,0.16432251693151803,0.15106224471492577,0.052626532488085444,0.18971649235506896,0.2179324515893452,0.07750442575904372,0.017019374085238296,0.25072215119382085,0.10562415250915741,0.05445281606270934,0.1832072756147939,0.0038714153797293088
269,5.38,0.1602249673501483,0.15159488577724814,0.050000929171670205,0.1910529895051534,0.21582676349947405,0.08252280897194882,0.02538945037907409,0.24246226906087734,0.10476263927251425,0.049900157541845944,0.1814561716769161,0.009565513560364869
270,5.4,0.17749818435854503,0.1637569389083773,0.04997197903202637,0.1691334981265169,0.23109707594075657,0.07786057094673672,0.02119342502359136,0.23071764875873646,0.09091852229539438,0.058847286998840474,0.17882966796718122,0.007299519217970481
271,5.42,0.1786118362019321,0.14310139767577967,0.037012862701862735,0.17015080152196188,0.22300683896035348,0.07018250849548086,0.009471899290811252,0.2371654934521312,0.09262970524408269,0.06952017591920066,0.17964149207351937,0.0023423389940517704
272,5.44,0.01156572400217222,0.1039980629036822,0.012166885412607931,0.09615070457270562,0.32418500262171196,0.13958741153400847,0.00930715189048587,0.07216709786836265,0.007744348355846993,0.16901108447532165,0.3644873351561982,0.0006487949874624259
273,5.46,0.014582425675522618,0.09397348826247122,0.0024959256641957756,0.024743671595624083,0.40166115353354565,0.10042040121649758,0.07475601390012056,0.07671738606755978,0.006231274361201055,0.09790979409504035,0.44449803445488734,0.01457260070816432
274,5.48,0.05045484455356007,0.07074266118874462,0.001820585181397927,0.09050791996974752,0.42897691490998974,0.03574401618557122,0.09193696291628844,0.037254494660093146,0.013094971220652434,0.1931741376615427,0.448553797964782,0.017430285576403328
275,5.5,0.046738472850430875,0.08257994808520265,0.0004528266198349457,0.10388243162483049,0.44320412258107544,0.01371629109230575,0.06973157548548659,0.06588232484281528,0.008768244827634742,0.17976945311439751,0.4346015107101068,0.0017761821343419432
276,5.52,0.021721088625686613,0.09024363311992191,0.001961805864149532,0.08996097978185025,0.43864943665376205,0.011390496598644044,0.035364535509569674,0.0693648098295467,0.006233803582435748,0.09879792919481523,0.4113769459036894,0.023357471884795408
277,5.54,0.05874484364321522,0.11437163059606786,0.01266421726914221,0.12646778970847125,0.39173260123482456,0.11822099613909265,0.015114199488540293,0.04271316137548359,0.012043031784151727,0.21213386715719187,0.38841312051517535,0.0047316424486693355
278,5.56,0.02764707863717855,0.08399966257289897,0.004956957794209665,0.07454326911220849,0.37515655330734327,0.036509039233278126,0.05934813299321544,0.05417713069480041,0.007417674440901314,0.008274923655878045,0.3822284130399306,0.005799998015667425
279,5.58,0.02855963504776261,0.04142110639480079,0.0013339958855742597,0.046783232657818336,0.335440980410863,0.015169846319006359,0.07406790570504204,0.028715434153235374,0.02273874321597277,0.06934676002683147,0.2949103192579625,0.0046555130104641435
280,5.6,0.0030389647088718205,0.061031716458617026,0.004533507085612263,0.030773204211894382,0.3467965902169274,0.01619337013505064,0.06968515148251386,0.0009136222503671297,0.01969134729222799,0.11066995242211813,0.2994514380746424,0.03316036075844712
281,5.62,0.004554082500289578,0.0729372577961852,0.005222684252056039,0.03875779439702712,0.3786488753531258,0.0023146686335996213,0.06744330375883259,0.014159187913029031,0.018902217037145314,0.11424839288321877,0.3213624203764653,0.04355315434944579
282,5.64,0.06654518697582028,0.046580940381532696,0.012704687715057854,0.134391590059171,0.24610027983493327,0.09794233993221343,0.12588887601540039,0.18014239399965915,0.003928303259418917,0.39959270234038907,0.12570971610186008,0.08867546367738396
283,5.66,0.024808996700979462,0.03200335250455315,0.0030891109148184965,0.2064621081019504,0.22257929923732206,0.033175651247726055,0.14876291468251485,0.21867534298113997,0.1874233715940298,0.23412756411519586,0.09769016787305983,0.10080714728808919
284,5.68,0.007496624779935712,0.41735045374088725,0.35438157744115434,0.20916554339624843,0.28048084955654307,0.043962596717513715,0.17381950395245865,0.03401897891695162,0.08418318257290094,0.2132967156134211,0.20283463812309502,0.10318585702859046
285,5.7,0.13825865983164287,0.08786262449531218,0.21965093153796175,0.05836052780780921,0.13369980989978067,0.017986421185820396,0.12002368000036522,0.15673571205851294,0.027910108592459057,0.04457743664782623,0.16167709423151788,0.04284942423891313
286,5.72,0.13806763578870146,0.07909647241242916,0.2005734727428698,0.06657282580409753,0.14917875506698125,0.03603955964176735,0.13731830975762885,0.20097368229690848,0.15836248549506202,0.031105975749234745,0.15221708937627687,0.051696721526538376
287,5.74,0.2045748479843273,0.057108002944533894,0.16220923645285246,0.22426584750936776,0.17515189289877214,0.01788359198191428,0.23304322099177713,0.22949345914696095,0.11044726432451621,0.20050312094183143,0.1384534645650403,0.04368522373624552
288,5.76,0.22202618069305155,0.07201518121359195,0.1437437844885033,0.21996361045452315,0.17326681504598324,0.030312990551449474,0.23335621917825447,0.21237096591675217,0.09323922225529194,0.21229640798085928,0.1388151619426457,0.06778332721730607
289,5.78,0.2035241240754194,0.062475255436434216,0.1348949017001227,0.22885973057528267,0.17748473260840253,0.030454418670771553,0.21782969449179582,0.21212686880099976,0.07996207822581188,0.23494396797423894,0.1331025973112755,0.06980989592177003
290,5.8,0.19748663279927314,0.06457035422499983,0.13035684066216557,0.24241838419828263,0.1798425679556507,0.014574952885666346,0.2133527976290996,0.21994666431492374,0.08291591985577106,0.23812888608221405,0.13171280141335498,0.05758456676510923
291,5.82,0.195337590400795,0.06230730881002041,0.13703243764106876,0.24101785969032238,0.17958224159766084,0.01076621457565594,0.2121331679854285,0.22169075961760823,0.09168747880553682,0.2364511257556937,0.137896786926694,0.052014944132356154
292,5.84,0.07119554209138013,0.08243216041742732,0.006750075582244737,0.35459871759832395,0.3757911198439823,0.016973387878447873,0.1522319122743575,0.09731069243135589,0.05024786956051056,0.21131132787070933,0.2429444040641075,0.04878965530118737
293,5.86,0.09135555182629643,0.08189558815778111,0.0011236481485845144,0.2212377222973142,0.4003576827661881,0.10259101150595794,0.13877707316931442,0.033560555343465456,0.07501097959049087,0.11554365393050121,0.3192250349479906,0.12643867077333665
294,5.88,0.06905151404160743,0.0004054257106888556,0.0018394671837818682,0.01947424625240412,0.3365609440045369,0.08058365259158505,0.04170490770713834,0.06549696430911511,0.032665253564446176,0.012510803783422052,0.33370393835987305,0.1566313912617399
295,5.9,0.06754545114380694,0.02062615551589742,0.002181022262538271,0.1412740643001964,0.3153655339959827,0.04775571328211581,0.023404347876207956,0.11054200867737064,0.00840358378123046,0.13955234235948677,0.32958951457946406,0.14063927800217693
296,5.921,0.04925238864116388,0.07248837350312076,0.009328649344539782,0.1584617609422372,0.3406522725175326,0.07473260477151848,0.01678164890937504,0.08902986867607873,0.005016004359692798,0.13719758684745362,0.3708845334019947,0.0351330283008798
297,5.94,0.04925238864116388,0.07248837350312076,0.009328649344539782,0.1584617609422372,0.3406522725175326,0.07473260477151848,0.01678164890937504,0.08902986867607873,0.005016004359692798,0.13719758684745362,0.3708845334019947,0.0351330283008798
298,5.96,0.07920163093681128,0.0586546878661805,0.0013690722744133393,0.008917564444441537,0.3449172827164565,0.09078233381835192,0.0033247879308946713,0.11215040473341406,0.0027803438877015804,0.13438234262536827,0.37864182791463064,0.10026569250396614
299,5.98,0.15192291488668175,0.20692054348255515,0.1924816745617749,0.10381821853194632,0.18591498584721966,0.019207086088019014,0.012160163586767827,0.02295418315745413,0.005559441062625521,0.16520455996495767,0.35774042723656824,0.06470879160865649
300,6.0,0.06692533726528226,0.09764341872944106,0.10720567307808421,0.10273046809755895,0.1609215801502274,0.017057662282881365,0.04844246204935588,0.03910551534572395,0.005222914517376817,0.16887733822273132,0.2809404284892761,0.009271248369213914
301,6.02,0.04615466599579454,0.057007526416689304,0.08669662988400055,0.06204488223118669,0.20141248813123647,0.05968683623832694,0.030174142478222334,0.05819414227066083,0.005778397892103151,0.12894918124145402,0.3151601645728409,0.0017104348061483025
302,6.04,0.14413091321333676,0.017518502366712936,0.18597765128787472,0.17532994938858196,0.1412662393554074,0.06932660961343687,0.010288163494238417,0.019625719393802688,0.0027917673180966607,0.06272019626476333,0.2741083267765,0.13712694372999124
303,6.06,0.021158608800658008,0.04039723437400934,0.09749786689653704,0.05996873568097467,0.23305527264611084,0.12409555288809287,0.01805646657465489,0.07222385914112275,0.0032973832564776187,0.049770763383928905,0.2798263636688783,0.03239690069140463
304,6.08,0.12426088581518566,0.1469389836660985,0.04338794362930294,0.05189623712299611,0.19526871611526725,0.022379721088445333,0.034788689719535734,0.18879864832830603,0.22930862768359586,0.01262353951501969,0.15419476057294407,0.01105308850994769
305,6.1,0.18060260461482744,0.14605292085752078,0.05204143911622097,0.10430876925062485,0.11911041684835119,0.04017345375136503,0.058379158279313434,0.08543786810400783,0.19730604870998525,0.04183417267564475,0.11120134437960064,0.03595241442899131
306,6.12,0.15171183912778638,0.18111521892988003,0.009413850270478806,0.10232211750649456,0.12044672149039952,0.019901460387637744,0.05902271364627388,0.10306150268142127,0.18424769993481468,0.033533524534482266,0.1372024313683608,0.04037681994924469
307,6.14,0.15936692148924683,0.16020167963017823,0.05265084118418748,0.12416984512473633,0.10209950520774788,0.007537618844249336,0.1775029648326394,0.10962042843675748,0.19465758884697934,0.09771241222567616,0.13244041041596963,0.07291468136920125
308,6.16,0.1437868441425522,0.1839470799944066,0.06059300315011883,0.07301195900451403,0.10065573522774361,0.026530107016076932,0.15001904041348593,0.11590640821642396,0.14504800100397955,0.1322598281719854,0.16320210729274795,0.059480616880894524
309,6.18,0.13071193484009064,0.1894451237750091,0.05349101978852489,0.03343971518200245,0.11261862826138981,0.02531920640150477,0.13475779425701662,0.12248776477081043,0.11652991516765163,0.15009787840840164,0.17651918879762415,0.036234044202541074
310,6.2,0.13519915759722156,0.19831873241331138,0.04945418871975716,0.03060096933316826,0.1049868385456578,0.022293571673121428,0.13744816645168428,0.10901859394718026,0.11130293290580268,0.1460935459487903,0.17212104691733265,0.03058016355635331
311,6.22,0.13227536689022223,0.19054170209467938,0.0409126975967997,0.061774495811278585,0.1173029318384268,0.02618025305425949,0.14108660695734376,0.11751858858372542,0.12834940821829383,0.12930052425669197,0.17216765077306376,0.029853841223653588
312,6.24,0.058304378157213725,0.3330158857607191,0.012759567025802769,0.005402310636179125,0.016614147363533113,0.04033851868472923,0.331650603099904,0.30995955803349545,0.21152233899794987,0.06695464606429416,0.0988136693256555,0.007955044546669367
313,6.26,0.04298680274349773,0.3757525979858286,0.14769310920047202,0.01466842664021657,0.06270439036440748,0.021885317967319535,0.18749280195400397,0.35632522803404143,0.2595772492203598,0.10743226123817248,0.10590835116712079,0.005704123393505742
314,6.28,0.09069732714651312,0.33090478239979026,0.1569035562834773,0.01852090319599731,0.06908877374507796,0.007992051417743564,0.01225586123297515,0.28654007368552714,0.20948125892524588,0.07831293647510736,0.022222454933736084,0.0021126022410448307
315,6.3,0.11814316305490188,0.2963498093743022,0.15762611498181134,0.010941874791413104,0.09199629406128045,0.00977135898344007,0.09501641894515185,0.2675009083743112,0.16737678867474218,0.06453821483712859,0.03901445654374586,0.0036925018731197522
316,6.32,0.1306381332270754,0.2904828340843825,0.1633371756451985,0.00545254315766697,0.09139423552175698,0.009005431815718628,0.07819269795290511,0.28872377242088193,0.13614338638977455,0.052803703883160615,0.05103216487878506,0.004326292122120152
317,6.34,0.0933851901215763,0.3382874804064384,0.058932945780608946,0.01962155041628897,0.023460554248435083,0.0398789355523651,0.21442798132974025,0.31175755432778984,0.17995237611870943,0.04010881876082206,0.08185036306009737,0.0053861980584727935
318,6.36,0.0734478222453807,0.32980716048576714,0.14569270989594632,0.0018655241944502748,0.07618471996649955,0.0031604081563883614,0.048558537272667665,0.34265014494591506,0.1744960063240737,0.08107006262547822,0.07556162952246902,0.003164828450207281
319,6.38,0.08991293493500421,0.33231746658834754,0.18614536515008573,0.010224597774805184,0.09879589049404815,0.007920774668121666,0.03200460918282785,0.3302122054433465,0.14056714022237274,0.0652870329526497,0.07031020465916724,0.005351375942620938
320,6.4,0.10442667763527888,0.33966352814677236,0.2010876655709687,0.000955367639611666,0.0887983951493983,0.00626630574308585,0.04301582294710825,0.30261036109712114,0.1103569281989458,0.04116173653203659,0.06386209544918571,0.011526874100927207
321,6.42,0.11818188402987094,0.2997682062284051,0.18028888743408591,0.009991494111155626,0.09022858407580184,0.0068854396406609324,0.004117064002321393,0.3346381755956521,0.1059922091172816,0.02686678092891917,0.0679728295166695,0.0059551502104631705
322,6.44,0.09994720778153811,0.3252639595251959,0.018927922213129663,0.018303538524064536,0.060695136891516455,0.00434514627477175,0.21939616284495989,0.2855953371057353,0.16118024897215522,0.006896005249505813,0.07440689579761818,0.002132222653329487
323,6.46,0.10272991194033232,0.34361554398443717,0.10686644557996113,0.0013431236661860752,0.012535625705989073,0.01653428746892174,0.053823978506554605,0.3130299315083672,0.17616386368433898,0.06025518015828552,0.04106024818750503,0.0034201909630345775
324,6.48,0.11700442918336582,0.12741854397981267,0.020009789088272646,0.023783535240275714,0.16259443588408792,0.05447148553407268,0.06103419289242792,0.07809998953057254,0.045210619709261775,0.0724598567123615,0.12363406113220751,0.023932837385730422
325,6.5,0.07276567321246111,0.11871289557586112,0.009853480018388315,0.024689551740035343,0.1268590638296246,0.07554107752042429,0.021729638029012302,0.07139195411098738,0.01567348370967426,0.11840116016454924,0.15152669785022663,0.018969257524801032
326,6.52,0.04696547133733618,0.13258465503583844,0.004942450071826596,0.03241217455747145,0.13273843247498618,0.10975999974460628,0.029478165163488636,0.08856159325299143,0.023554510345890824,0.10305806731168778,0.18065365611713594,0.025276905562184867
327,6.54,0.059888404732209556,0.17354455561160081,0.0634370748955457,0.045912613463944,0.1677762214000931,0.09255352348065439,0.08532586714123182,0.07495196014132274,0.06027465902946444,0.12474192101311406,0.16557725781747387,0.05386877075570392
328,6.56,0.033862887404848094,0.18489684413441101,0.037151278975095445,0.06468762554564071,0.16811903361320343,0.05417928843126592,0.07353316167702624,0.0895356850821738,0.06423521822752166,0.1300297139462123,0.17174483657616813,0.048952860761657446
329,6.58,0.01913318414501635,0.18707141836008664,0.027007935528251294,0.07138592229966369,0.16965778629842443,0.03369047351769061,0.04143063505977599,0.09803607070428244,0.06316293259292412,0.12713998137032007,0.18518960654670702,0.04216615832903213
330,6.6,0.015284194411288985,0.19149181039905702,0.026103200381336757,0.06966572292876036,0.1691804016105264,0.02527936770305725,0.033271453782593725,0.09312121469054645,0.06735356893087623,0.11648578871707528,0.1819842169289985,0.044429083044051416
331,6.62,0.0197252772792606,0.1894152039609211,0.02906663633208654,0.06756898661681851,0.16569484730818335,0.030035141869642124,0.041348032886882234,0.08832191481015024,0.07375872093731112,0.11773711748659486,0.1780504324426326,0.04650956677549806
332,6.64,0.14178720526384678,0.3733934366978688,0.013083151790380809,0.011852380008318503,0.08035349949857612,0.003953910248623062,0.07439512350359655,0.27380155475394624,0.23427121687006958,0.004532860361258702,0.08244565171131334,0.011212245061100787
333,6.66,0.10363837946931044,0.4265059910510738,0.06792355155088349,0.0691986397178488,0.10688711107987904,0.007098616926022829,0.088187979476178,0.3783357030796127,0.1711313572328675,0.011763611896438713,0.0940125406747717,0.007370869299199243
334,6.68,0.21183350353840563,0.3741273544428457,0.12483892613937404,0.08296386608317298,0.04554287714960625,0.009998122867440578,0.10027469350052837,0.41960489155644526,0.05576984965546572,0.023514586522031197,0.061279953891294245,0.002004771434982055
335,6.7,0.20705965237450388,0.3365765813738688,0.17890866680000672,0.06891432230720507,0.07354762921495865,0.00758453162515406,0.09061586842202439,0.4218885047051722,0.01212598342930805,0.01811160935164978,0.06608858840577547,0.0030485135591162135
336,6.72,0.17175415622191262,0.31407441958211635,0.1751741228853753,0.039491080939886555,0.06043878645325886,0.005152415860828539,0.08277004242790427,0.37543956950547486,0.03283019059022395,0.08304312808370358,0.000503989520186267,0.012262778112734787
337,6.74,0.0939788069153351,0.3195789797488684,0.11581994519279738,0.044547922073163895,0.058333320553818256,0.011240608775947208,0.12785613643548951,0.33692425299035644,0.10710015890233203,0.03345903680457315,0.08792005159141182,0.015732315852798003
338,6.76,0.07128876248079909,0.30636860750796113,0.12341454220341319,0.0765459580288766,0.06849814532967258,0.006390398091356753,0.11760817749155947,0.34898845466003786,0.03068237369817637,0.011576164893969697,0.06699890626631973,0.006872750596917384
339,6.78,0.1452605841584571,0.34541818091787463,0.15946402415825733,0.057657376908464016,0.08024559513883815,0.005038640606410421,0.0773963469484525,0.37731587280794426,0.0051908249634156555,0.01918320591641816,0.0578718013657824,0.0074748946623387005
340,6.8,0.16831271709176313,0.31634319158214086,0.1573510796815731,0.044685648592546034,0.06929711578034296,0.005166256718459637,0.04067063978461887,0.3671397387881412,0.016416128078673046,0.03116266368295694,0.016858764610637532,0.03486035498126823
341,6.82,0.13130316971174621,0.32295218127595,0.14824179364490395,0.02097767181021497,0.07093270473329841,0.0059843191468383515,0.024915172327141633,0.3612365795068333,0.007348284099481049,0.031559864311288766,0.010854928927533323,0.021663167144986853
342,6.84,0.16434375030810883,0.2944557852660713,0.06635526972396193,0.008165507719945156,0.039449140542444465,0.013274759270356644,0.05558178039526726,0.29529946302085597,0.08306071236459335,0.013636895963703533,0.0041966654163484544,0.03595548378381341
343,6.86,0.059862844857777105,0.30450151546338583,0.06161099360952276,0.0814727798442556,0.05906106611252488,0.004686698496254589,0.04555011645653294,0.30427076851368207,0.01574495415954608,0.006057484874589872,0.01606377083989583,0.054038185487093666
344,6.88,0.0200820954403994,0.15747423870309676,0.05372107209423972,0.13702236317066951,0.19273208968457833,0.08681896129883936,0.05364444204790998,0.22081569818686977,0.08656202540472675,0.05394223262577821,0.18893131050398962,0.09722910306649545
345,6.9,0.05878622614414644,0.1413051971017535,0.05369224260673804,0.09318848442571448,0.1762501066160809,0.10181192385782614,0.05404319547437935,0.19525019923729406,0.09972246685669155,0.060946210613323684,0.15755077584891666,0.038293758827314055
346,6.92,0.07868305778031648,0.14471165244904688,0.05052246670995047,0.07398740985269844,0.20188339276110995,0.07800670895802224,0.08323284088440533,0.22816719727943463,0.07849495106641513,0.033734619090554016,0.15462802010614204,0.023012027979641428
347,6.94,0.20446727463917524,0.14291932373393232,0.04285479244468202,0.15885874747736028,0.23179627056025162,0.07444981460303299,0.01039761456728743,0.22073258255394165,0.026206608215964947,0.08439022725015063,0.1726723441644181,0.023445952914795277
348,6.96,0.17588165266440808,0.16301499329562055,0.05236941492486105,0.1934476148151975,0.23257564061884103,0.08272551298562593,0.015560756462480025,0.2559246207372141,0.11486078287321728,0.05532216897950957,0.18419060346469057,0.003171140309331343
349,6.98,0.16960701123317304,0.15673865889839694,0.046132275991054426,0.19830215611093527,0.2204809012811677,0.08955981244052628,0.021574053616179565,0.25223955416106975,0.11462520152277589,0.05168547423111541,0.18077743548728084,0.0072188914399208175
350,7.0,0.1775666052826743,0.15731944847242546,0.0329130881480233,0.18929944615442,0.22323212529793557,0.08888194600085628,0.014553757469722588,0.24572298465690962,0.09954903733441858,0.06984658492713024,0.17961842242070195,0.003929548464794053
351,7.02,0.19189570352618263,0.16656011276388952,0.04500487187535577,0.17404904178661829,0.2372452321650439,0.07531268155914068,0.014779687860487202,0.2401176052285111,0.10030778477143956,0.0680442845695551,0.17999310704387456,0.0022599489391425683
352,7.04,0.012749425773042264,0.10302734497993093,0.012139269057255852,0.09883207099022619,0.32565172417726274,0.12960940076078364,0.010963070913512216,0.0719607567379287,0.007760248476818294,0.16903328152211028,0.3692541564109212,0.003728390825906327
353,7.06,0.01666703246140227,0.0937441220714986,0.00258579452822719,0.023697037162062017,0.40461903201901656,0.09157467033871451,0.07480849719867215,0.06901589280071752,0.005434868208785507,0.09702486960702421,0.44614566341597517,0.020107933597982602
354,7.08,0.05128187713277433,0.07121680733439761,0.001670607450458672,0.09074331140276833,0.4376399863335899,0.0304172182564429,0.09220436771110184,0.03913716918775788,0.01343885817106556,0.19257048176700547,0.44632920569343243,0.025775695638938837
355,7.1,0.04781538498727073,0.08294890154810979,0.0004363760406331071,0.10451726371914442,0.4482888351361634,0.00814281203820069,0.0698256478326266,0.06621873868863311,0.008863186662376019,0.17830747166942879,0.43938485055534876,0.00752297974372769
356,7.12,0.022414044231721192,0.09067284411219145,0.001990225934160318,0.0896866948704469,0.44345416295176715,0.006778696148628625,0.03538630451219917,0.0695584238405458,0.006277121440706326,0.09733349826948702,0.4166912600733658,0.01741708551252482
357,7.14,0.057460399862826674,0.11368100637669061,0.012466904035691995,0.12743263099214072,0.3949621642029046,0.11008540467642183,0.025456826806101493,0.04347474102962979,0.011832066965933943,0.20336285627543255,0.39319386569069964,0.011998908365404258
358,7.16,0.019170741732302217,0.06763385774129091,0.008275164037844956,0.09154524541668285,0.3556792294470824,0.0058253605027019945,0.08475200820750803,0.17499758943780258,0.08164373928665453,0.0018237841691837516,0.39284686948204367,0.00250204134793519
359,7.18,0.027671061086764807,0.042792301128042165,0.0018095820283499258,0.044528461800244334,0.33955317334064344,0.02082059054235692,0.07309037146993798,0.027580843446011513,0.019638010429469038,0.08292125052386513,0.2980740008961991,0.0009013312143760638
360,7.2,0.0011028087453101602,0.06439492649629656,0.0023599831353592836,0.031453387075753944,0.35053279338544974,0.02227792649037814,0.07004204961225127,0.011124822219966832,0.017809934325281367,0.0974503502711352,0.23243187519271064,0.04703362830993493
361,7.22,0.004785540999798249,0.07346271487980478,0.005298690052265229,0.03636080747316491,0.38379274075977166,0.0033574020629136303,0.06798552961585418,0.013481408885451945,0.017129300569262717,0.11666172231544218,0.324777129057624,0.040024420784023094
362,7.24,0.06208121541495302,0.05434039584779802,0.012883050144027706,0.14192134468917722,0.23108539763972472,0.07488872674118507,0.12926691955658054,0.09745570651796172,0.034366111991236306,0.39904749659358857,0.13975406379063895,0.09096949993878553
363,7.26,0.027285446117973212,0.032056399118881064,0.003058124661532474,0.20802552333781915,0.22662034175710316,0.027398077896854424,0.15404607600235895,0.2208842157532678,0.1918655647803494,0.23642577301402057,0.1005396900541984,0.09770300027015973
364,7.28,0.02125110388011256,0.40621193186972193,0.3539235893978113,0.21277814451943824,0.28022600312206236,0.03823536442103779,0.17990994633558044,0.03525099449697405,0.08647356714866226,0.21420891665957603,0.20115300579017448,0.09726993392053072
365,7.3,0.14421904440466823,0.08458577246762043,0.22582011422466586,0.051361990227954936,0.12688785178780676,0.01749109708557679,0.1392993297429603,0.18357233562418657,0.19296596334071422,0.053291540216792076,0.17196465202284714,0.038546214628929
366,7.32,0.14266890082515946,0.07929150694787586,0.20743820459583004,0.06186678933678102,0.14666487993052735,0.03600083190466539,0.14029712876928158,0.20013448426736727,0.15732429897517267,0.03772094044676825,0.15708122363985755,0.043788601310071645
367,7.34,0.2085793900726214,0.05096858521943747,0.1667071539308231,0.22638285198994246,0.17446379222041047,0.017876003638985633,0.23307134404750202,0.22080430925347638,0.10733070760810977,0.20480555361424596,0.13856346078361625,0.034954359452193565
368,7.36,0.22551151898840097,0.07410808734145687,0.14778659904233882,0.21987176294662192,0.17346386801090988,0.03434911866948615,0.23467371368896023,0.21423114293939166,0.09043518053361167,0.21721240138770445,0.14208207257794853,0.062121624030631505
369,7.38,0.21698930360268923,0.07391258285601289,0.13597881414291801,0.23038576556218973,0.1787176106791884,0.03769303514220429,0.2307159314780504,0.21536970908262054,0.07953359098345221,0.2412056344314543,0.13521377631151332,0.06561579926339968
370,7.4,0.20114729414971863,0.07607458884114339,0.1360195207400661,0.2241846855312107,0.14011826413638195,0.021280913381469743,0.21456058177461038,0.22181529869533398,0.08027974618766962,0.24767656561750634,0.12841184331323155,0.05050163253409371
371,7.42,0.1991551749823895,0.06833179723261376,0.14127812891279873,0.2438815455424447,0.18417902720159018,0.016826538610935474,0.21530866339922397,0.22661797650163648,0.08067322117466087,0.24534690214484436,0.1291812909155966,0.046577280219367974
372,7.44,0.0724749180832549,0.08241709068223682,0.006881945205975359,0.35831747693850385,0.3774426405503491,0.011040247773003824,0.15803018941207667,0.10297427201370273,0.05354945216725157,0.21892275048434565,0.23720708503192445,0.04695006400452187
373,7.46,0.09010160539523811,0.08640641470028335,0.0021489332292420013,0.217983186101488,0.41504409301214024,0.10419464467462204,0.1428499675795516,0.04258641778860061,0.10375489041217978,0.12543211617893313,0.30930331730866206,0.12233874416602457
374,7.48,0.06754353826232058,0.003589030882698275,0.0017675827565632883,0.016931962759306335,0.33876091327921337,0.07877267083703754,0.05032649247929948,0.05995724476018476,0.043423774163497936,0.00198866230836566,0.3388334360809202,0.15369627473271696
375,7.5,0.06747821026418291,0.021784702955674834,0.002416424879773393,0.14011031629140516,0.3196714241494346,0.04497937076266606,0.021662607490516624,0.11105133107590569,0.00857290674785593,0.13241481253774495,0.3325005725300604,0.13852686752405885
376,7.52,0.05642616186265577,0.030580230780117592,0.0011800753212778895,0.14205701086149614,0.3264125213276834,0.02883262924712403,0.04394961259395528,0.11247129602625992,0.0071306787196965165,0.1918077162803864,0.33959822035241727,0.1190709214036702
377,7.541,0.07731212063238416,0.057417442652643605,0.0012533814719765698,0.1495381826061128,0.3475204859868399,0.08191099178108636,0.011538699479163958,0.08814553311147143,0.005324394045156735,0.1388296758779227,0.3802596409059728,0.09857638836839783
378,7.56,0.07731212063238416,0.057417442652643605,0.0012533814719765698,0.017187908810094018,0.34854989997217156,0.08191099178108636,0.0011632434684328067,0.11258207876649469,0.002978812622792919,0.1388296758779227,0.3802596409059728,0.09857638836839783
379,7.58,0.14701981233214215,0.20409998113365066,0.16726841716436586,0.10763414169984219,0.19016723573644978,0.013407887713422823,0.015101698542466416,0.02462335191239673,0.005430082451820473,0.16782438086255547,0.3574078055198857,0.05482687550665519
380,7.6,0.06309030293557899,0.0930274519547889,0.09594611379484845,0.10764296523793955,0.16706903384863117,0.014479541807726067,0.047657440963900705,0.04036635478563913,0.005108784374698525,0.17053657717361184,0.28879676603872567,0.01480130286869779
381,7.62,0.044245733053111434,0.05994065154590079,0.07927036841605692,0.06670920943639415,0.20715392686756143,0.0573514278737741,0.030062954184537766,0.05870522997860543,0.0057874358123468144,0.13011286053551507,0.32263669853052657,0.007648470597732877
382,7.64,0.15192404117282912,0.010829006894370725,0.17828561042823035,0.1796604982572965,0.1458554276870514,0.06818055035561692,0.0111744448282449,0.020808641602286845,0.0026969301024831025,0.062157638215070435,0.2837666429876156,0.14371741818174472
383,7.66,0.02915708723320437,0.025317078058083878,0.11230376658831413,0.06269175797785352,0.2348043760725557,0.11968025082091603,0.016733729260762352,0.0726257765172992,0.002958840772573802,0.05184288540290739,0.36119616073358596,0.023700905036738135
384,7.68,0.1394359880013147,0.15989996512617832,0.04905077484554766,0.04802101131773559,0.18948995947551053,0.019169801904614,0.04262204737400451,0.17135300051007996,0.22700071092512913,0.019105487247544413,0.15618925353114366,0.02249416132822256
385,7.7,0.18592889536544355,0.15322939294213,0.057178507038204554,0.10096732266908304,0.1164406966411129,0.04002306236420922,0.05926140085780819,0.08471201377571097,0.2007684549809923,0.04009063644740968,0.11889777698680125,0.05098534379383359
386,7.72,0.1557055260772647,0.18249803304908196,0.01565704232006936,0.09768132563253783,0.11247511184397113,0.01902655148948744,0.059123117486583374,0.10503002468612309,0.1893352242287469,0.028680918093289515,0.15319847681531812,0.043730900804717525
387,7.74,0.16567872087987237,0.16616413287578116,0.04877210863750134,0.12104243108649894,0.09850624516178476,0.010944398207860934,0.17978874587306343,0.10718976123141694,0.1979038939465994,0.09660269935978047,0.14179236938288303,0.08755310230406951
388,7.76,0.1593465330695456,0.1767707900486153,0.05892404676990053,0.06281722077058384,0.08945414559831688,0.03027886933567668,0.14341374051960604,0.06134533181788485,0.07957639166101532,0.12809157566501078,0.17559560746173042,0.06510995760865067
389,7.78,0.14025112520300367,0.20047047009602187,0.051818521437664515,0.028719390547708376,0.09624546736290703,0.025616765236575703,0.13979746130786933,0.10455888555155457,0.12639860198585598,0.14654613052015733,0.1755608844667683,0.05334869063435191
390,7.8,0.13935954676266243,0.204383742599694,0.04707420050460031,0.02658560510797232,0.10286593238037817,0.023143278166635705,0.1368079091421928,0.10804651603661398,0.12164470129763823,0.14773468046800892,0.17986033631910936,0.04339249652217778
391,7.82,0.1424334352293563,0.1881912376331696,0.03921020325692115,0.049385290321460544,0.10555790021393442,0.025274456317143465,0.1327699399497621,0.0641158391754523,0.057434078023142904,0.1377376672552812,0.18155429545719545,0.04237915190184818
392,7.84,0.062115088417589774,0.33657602585268687,0.012593356673898836,0.003874849857881897,0.015288177683982612,0.043100134916964905,0.34115233016172686,0.3068130973797626,0.22700140788283443,0.06861155700849773,0.0975635744433031,0.008097353576039213
393,7.86,0.04363581647964969,0.3750009635645455,0.15000783035881624,0.011578569211067575,0.06501950237203746,0.021809533113249787,0.18662437799981876,0.3507636991164416,0.26727813666004696,0.1078268706812857,0.10427381541349189,0.005937871182826341
394,7.881,0.11781434828714753,0.29704318325520596,0.1535512316992289,0.01856319440612274,0.06968300884681698,0.009886727726010935,0.016237413312683815,0.28073157181059594,0.21418922157588902,0.06527414376676588,0.03851914814286468,0.00361509068921011
395,7.901,0.12133641461149103,0.21716622629377005,0.11747964604626619,0.0053706175191424,0.0755928057650219,0.009177770150317366,0.07734355098779638,0.273277902974606,0.1324847619038245,0.047673772456390304,0.05201728065254892,0.004892985541120588
396,7.92,0.12133641461149103,0.21716622629377005,0.11747964604626619,0.0053706175191424,0.0755928057650219,0.009177770150317366,0.07734355098779638,0.273277902974606,0.1324847619038245,0.047673772456390304,0.05201728065254892,0.004892985541120588
397,7.94,0.10024553423487328,0.3462046655924969,0.059611856160788214,0.03777550960050182,0.0036686203946756524,0.12281946716674322,0.24054288418121247,0.3170981556069821,0.1649636899104701,0.022747686751525727,0.0935679609692973,0.008824043734678105
398,7.96,0.07375536379233684,0.34126238803947817,0.14567425376039236,0.006291134312900842,0.07967007686079561,0.0011655020798158622,0.06627651128550502,0.33275752942598874,0.16481161952179477,0.08504618352840448,0.0796503230394166,0.002426547820749585
399,7.98,0.08396439475744856,0.3552852097961883,0.199316428783292,0.005782079741091795,0.08575825176405501,0.007951086975024347,0.028994715425380818,0.30289624982134,0.13222806101252038,0.05951864316631381,0.06937545172582246,0.01206210847755469
